"Includes Amazon Marketplace, Fulfilment by Amazon (FBA) and Amazon Webstore transactions"
"All amounts in AUD, unless specified"
"Definitions:"
"Sales tax collected: Includes sales tax collected from buyers for product sales, shipping and gift wrap."
"Selling fees: Includes variable closing fees and referral fees."
"Other transaction fees: Includes shipping chargebacks, shipping holdbacks, per-item fees and sales tax collection fees."
"Other: Includes non-order transaction amounts. For more details, see the “Type” and “Description” columns for each order ID."
"date/time","settlement ID","type","order ID","sku","description","quantity","marketplace","fulfilment","order city","order state","order postal","product sales","shipping credits","gift wrap credits","promotional rebates","sales tax collected","low value goods","selling fees","fulfilment by amazon fees","other transaction fees","other","total"
"1 Nov 2025 5:22:55 am GMT+9","12170266813","Order","249-0664937-7104662","NLK-CSH-Sklt-22","12"" Cast Iron Pan – Heavy-Duty cast Iron Skillet and Deep Frying Pans (2.5"" Deep) – Pre-Seasoned Nonstick Surface for Searing, Baking, Sautéing �","1","amazon.com.au","Amazon","GISBORNE","VIC","3437","40.21","2.66","0","-2.66","0","0","-5.23","-11.20","0","0","23.78"
"1 Nov 2025 5:31:01 am GMT+9","12170266813","Order","249-5351616-2901410","N9-I4FJ-SD05","3-Tier Ceramic Cupcake Holder, Cake Stand Holder, Tiered DIY Cupcake Stand Tower for Dessert Table Displays, Birthday Theme Party Favors Decoration, F","1","amazon.com.au","Amazon","MANOR LAKES","VIC","3024","17.99","0","0","0","0","0","-2.34","-11.78","0","0","3.87"
"1 Nov 2025 5:36:28 am GMT+9","12170266813","Order","249-1147424-9942258","CCF-CSH-DghScrpr2","Stainless Steel Dough Scraper with Cover – Versatile Kitchen Tool, Heavy-Duty Bench Scraper & Dough Cutter for Baking, Cooking, Pastry, and Bread Pr","1","amazon.com.au","Amazon","SOUTH MORANG","VIC","3752","10.61","0","0","0","0","0","-1.38","-6.72","0","0","2.51"
"1 Nov 2025 9:02:09 am GMT+9","12170266813","Order","249-3335913-2651044","CCF-CSH-RlngPin","Stainless Steel Rolling Pin for Baking – Heavy-Duty Dough Rolling pin for Pizza, Cookies & Pastry | Non-Stick, Easy to Clean, Kitchen Essential","1","amazon.com.au","Amazon","BRIDPORT","TAS","7262","15.97","0","0","0","0","0","-2.08","-8.40","0","0","5.49"
"1 Nov 2025 10:43:51 am GMT+9","12170266813","Order","249-7734776-3733442","CCF-CSH-DghScrpr2","Stainless Steel Dough Scraper with Cover – Versatile Kitchen Tool, Heavy-Duty Bench Scraper & Dough Cutter for Baking, Cooking, Pastry, and Bread Pr","1","amazon.com.au","Amazon","WEST MELBOURNE","VIC","3003","10.61","0","0","0","0","0","-1.38","-6.72","0","0","2.51"
"1 Nov 2025 11:16:57 am GMT+9","12170266813","Service fee","","","Subscription","","Amazon.com.au","","","","","0","0","0","0","0","0","0","0","0","-14.53","-14.53"
"1 Nov 2025 4:12:58 pm GMT+9","12170266813","Order","503-8303461-7207029","CCF-CSH-MzlnaChprCtngBrd2","Mezzaluna Chopper with Cutting Board Set – Sharp Mezzaluna Knife, Sturdy Chopping Board & Protective Cover – Designed for Quick Herb & Veggie Prep","1","amazon.com.au","Amazon","CHARLESTOWN","NSW","2290","23.99","0","0","0","0","0","-3.12","-10.65","0","0","10.22"
"1 Nov 2025 4:41:23 pm GMT+9","12170266813","Order","250-6332520-1335867","6T-GX3J-KT8G","Meat Tenderiser Hammer – Heavy Duty Meat Mallet for Tenderizing Steak, Chicken, Beef & More – Double-Sided Tool with Comfortable Handle for Home K","1","amazon.com.au","Amazon","BENTLEIGH","VIC","3204","14.99","0","0","0","0","0","-1.95","-8.40","0","0","4.64"
"2 Nov 2025 3:28:18 am GMT+9","12170266813","Service fee","","","Cost of advertising","","","","","","","0","0","0","0","0","0","0","0","-467.32","0","-467.32"
"2 Nov 2025 4:21:38 am GMT+9","12170266813","Order","249-1990503-6042230","CCF-CSH-RlngPin","Stainless Steel Rolling Pin for Baking – Heavy-Duty Dough Rolling pin for Pizza, Cookies & Pastry | Non-Stick, Easy to Clean, Kitchen Essential","1","amazon.com.au","Amazon","BARDIA","NSW","2565","15.97","2.50","0","-2.50","0","0","-2.08","-8.40","0","0","5.49"
"2 Nov 2025 7:07:25 am GMT+9","12170266813","Order","503-4791974-5840600","CCF-CSH-BkRkHlf2-2pk","Cooling and Roasting Rack Set - 2 Pack Stainless Steel Cooling Racks for Cooking and Baking, 30 x 43cm Oven-Safe Baking Racks, Heavy-Duty Oven Rack fo","1","amazon.com.au","Amazon","BALMAIN EAST","NSW","2041","31.96","0","0","0","0","0","-4.15","-10.14","0","0","17.67"
"2 Nov 2025 7:42:40 am GMT+9","12170266813","Order","503-6554418-4701433","CCF-CSH1-PzaCtr-L14","Pizza Cutter Rocker Blade 14"" - Sharp Stainless Steel Rocker Knife with Plastic Blade Sheath, Dishwasher Safe, Outdoor Pizza Oven Accessories (14 inch","1","amazon.com.au","Amazon","LYSTERFIELD","VIC","3156","17.99","0","0","0","0","0","-2.34","-8.40","0","0","7.25"
"2 Nov 2025 8:44:19 am GMT+9","12170266813","Order","503-5291315-9239835","CCF-CSH1-PzaCtr-L14","Pizza Cutter Rocker Blade 14"" - Sharp Stainless Steel Rocker Knife with Plastic Blade Sheath, Dishwasher Safe, Outdoor Pizza Oven Accessories (14 inch","1","amazon.com.au","Amazon","OATLANDS","NSW","2117","17.99","0","0","0","0","0","-2.34","-8.40","0","0","7.25"
"3 Nov 2025 2:12:18 am GMT+9","12170266813","Order","250-6113713-2326258","CCF-CSH-DghScrpr2","Stainless Steel Dough Scraper with Cover – Versatile Kitchen Tool, Heavy-Duty Bench Scraper & Dough Cutter for Baking, Cooking, Pastry, and Bread Pr","1","amazon.com.au","Amazon","BOSSLEY PARK","NSW","2176","10.61","3.33","0","-3.33","0","0","-1.38","-6.72","0","0","2.51"
"3 Nov 2025 3:12:31 am GMT+9","12170266813","Order","250-6314081-2208651","CCF-CSH2-AlShtPnBkRk-HlfTwn","Stainless Steel Baking Tray and Rack Set – 2 Half Sheet Oven Trays with 2 Cooling Racks for Oven, Durable Bakeware for Baking, Cooking, Grilling, an","1","amazon.com.au","Amazon","MANLY WEST","QLD","4179","50.21","0","0","0","0","0","-6.53","-14.34","0","0","29.34"
"3 Nov 2025 3:29:32 am GMT+9","12170266813","Order","250-6373540-5391034","NLK-CSH-Sklt-22","12"" Cast Iron Pan – Heavy-Duty cast Iron Skillet and Deep Frying Pans (2.5"" Deep) – Pre-Seasoned Nonstick Surface for Searing, Baking, Sautéing �","1","amazon.com.au","Amazon","DEEPDENE","VIC","3103","45.99","4.99","0","-4.99","0","0","-5.98","-11.20","0","0","28.81"
"3 Nov 2025 8:19:59 am GMT+9","12170266813","Order","503-4146249-8947851","CCF-CSH-PzaPel","Large Pizza Peel with Folding Handle – Durable Stainless Steel Pizza Paddle for Easy Transfer, Perfect Pizza Turning Peel for Outdoor Pizza Ovens an","1","amazon.com.au","Amazon","GREENSBOROUGH","VIC","3088","22.41","0","0","0","0","0","-2.91","-10.65","0","0","8.85"
"3 Nov 2025 8:21:58 am GMT+9","12170266813","Order","249-4764346-1773440","NLK-CSH-Sklt-22","12"" Cast Iron Pan – Heavy-Duty cast Iron Skillet and Deep Frying Pans (2.5"" Deep) – Pre-Seasoned Nonstick Surface for Searing, Baking, Sautéing �","1","amazon.com.au","Amazon","MODBURY NORTH","SA","5092","40.21","0","0","0","0","0","-5.23","-11.20","0","0","23.78"
"3 Nov 2025 8:27:10 am GMT+9","12170266813","Order","503-0572486-6540618","CCF-CSH-TstrPn5pcs","5-Piece Nonstick Bakeware Set for Toaster & Convection Ovens – Includes Baking Trays, Cooling Rack & Silicone Mats – Compact Baking Tray Set for S","1","amazon.com.au","Amazon","MIRANDA","NSW","2228","24.99","0","0","0","0","0","-3.25","-9.12","0","0","12.62"
"3 Nov 2025 8:44:08 am GMT+9","12170266813","Order","249-8027659-5870247","NLK-CSH-Sklt-22","12"" Cast Iron Pan – Heavy-Duty cast Iron Skillet and Deep Frying Pans (2.5"" Deep) – Pre-Seasoned Nonstick Surface for Searing, Baking, Sautéing �","1","amazon.com.au","Amazon","COBURG","VIC","3058","45.99","7.99","0","0","0","0","-5.98","-19.19","0","0","28.81"
"3 Nov 2025 8:47:34 am GMT+9","12170266813","Order","503-5510447-2260639","CCF-CSH1-PzaCtr-L14","Pizza Cutter Rocker Blade 14"" - Sharp Stainless Steel Rocker Knife with Plastic Blade Sheath, Dishwasher Safe, Outdoor Pizza Oven Accessories (14 inch","1","amazon.com.au","Amazon","SURRY HILLS","NSW","2010","17.99","1.60","0","-1.60","0","0","-2.34","-8.40","0","0","7.25"
"3 Nov 2025 12:05:04 pm GMT+9","12170266813","Fulfilment by Amazon inventory fee","nuNFPe/gEl","","FBA Disposal Fee","","Amazon.com.au","","","","","0","0","0","0","0","0","0","0","0","-0.97","-0.97"
"3 Nov 2025 4:05:00 pm GMT+9","12170266813","Order","249-7233812-3197445","CCF-CSH2-AlShtPnBkRk-HlfTwn","Stainless Steel Baking Tray and Rack Set – 2 Half Sheet Oven Trays with 2 Cooling Racks for Oven, Durable Bakeware for Baking, Cooking, Grilling, an","1","amazon.com.au","Amazon","ALGESTER","QLD","4115","50.21","0","0","0","0","0","-6.53","-14.34","0","0","29.34"
"3 Nov 2025 5:26:02 pm GMT+9","12178183403","Order","503-2068641-6082267","MNM-CSH-CwdSwgChr-Crm","Baby Swing Chair for Indoor & Outdoor Fun – Soft Cotton Canvas Toddler Swing with Beech Wood Frame – Safe & Comfy Baby Toys – Ideal Sensory Swin","1","amazon.com.au","Amazon","COTTESLOE","WA","6011","48.42","0","0","0","0","0","-6.29","-11.21","0","0","30.92"
"3 Nov 2025 7:49:19 pm GMT+9","12178183403","Adjustment","","NLK-CSH-DblDchOvn","FBA Inventory Reimbursement - Lost:Inbound","54","","","","","","0","0","0","0","0","0","0","0","0","2,091.42","2,091.42"
"3 Nov 2025 8:21:08 pm GMT+9","12178183403","Order","249-3291057-1934224","NLK-CSH-DcntGlsSet-Tmn","Whiskey Decanter Set – 750ml Crystal Decanter with 4 x 300ml Whiskey Glasses, Elegant Crystal Cocktail Glasses for Scotch,Bourbon,Whisky – Stylish","1","amazon.com.au","Amazon","BACCHUS MARSH","VIC","3340","42.49","0","0","0","0","0","-5.52","-15.74","0","0","21.23"
"3 Nov 2025 8:53:35 pm GMT+9","12178183403","Order","249-2782378-4314258","CCF-CSH-RlngPin","Stainless Steel Rolling Pin for Baking – Heavy-Duty Dough Rolling pin for Pizza, Cookies & Pastry | Non-Stick, Easy to Clean, Kitchen Essential","1","amazon.com.au","Amazon","BALDIVIS","WA","6171","15.97","0","0","0","0","0","-2.08","-8.40","0","0","5.49"
"3 Nov 2025 9:39:56 pm GMT+9","12178183403","Order","250-5759982-4280603","CCF-CSH-BkRkHlf2-2pk","Cooling and Roasting Rack Set - 2 Pack Stainless Steel Cooling Racks for Cooking and Baking, 30 x 43cm Oven-Safe Baking Racks, Heavy-Duty Oven Rack fo","1","amazon.com.au","Amazon","ROUSE HILL","NSW","2155","31.96","0","0","0","0","0","-4.15","-10.14","0","0","17.67"
"3 Nov 2025 10:00:27 pm GMT+9","12178183403","Order","249-4161016-3923844","CCF-CSH-BkRkHlf2-2pk","Cooling and Roasting Rack Set - 2 Pack Stainless Steel Cooling Racks for Cooking and Baking, 30 x 43cm Oven-Safe Baking Racks, Heavy-Duty Oven Rack fo","1","amazon.com.au","Amazon","MICKLEHAM","VIC","3064","31.96","0","0","0","0","0","-4.15","-10.14","0","0","17.67"
"3 Nov 2025 10:05:45 pm GMT+9","12178183403","Order","503-6324065-1083019","CCF-CSH-PrPzaCtr","Heavy Duty Pizza Cutter Rocker Blade with Cover – Premium Stainless Steel Pizza Slicer with Protective Sheath, Ergonomic Non-Slip Handle, Dishwasher","1","amazon.com.au","Amazon","Croydon","Victoria","3136","17.99","3.33","0","-3.33","0","0","-2.34","-8.40","0","0","7.25"
"4 Nov 2025 12:14:22 am GMT+9","12178183403","Order","249-8041733-1235002","MNM-CSH-CwdSwgChr-Crm","Baby Swing Chair for Indoor & Outdoor Fun – Soft Cotton Canvas Toddler Swing with Beech Wood Frame – Safe & Comfy Baby Toys – Ideal Sensory Swin","1","amazon.com.au","Amazon","MORLEY","WA","6062","48.42","0","0","0","0","0","-6.29","-11.21","0","0","30.92"
"4 Nov 2025 1:04:36 am GMT+9","12178183403","Order","250-3101787-6896613","CCF-CSH-BkRkHlf2-2pk","Cooling and Roasting Rack Set - 2 Pack Stainless Steel Cooling Racks for Cooking and Baking, 30 x 43cm Oven-Safe Baking Racks, Heavy-Duty Oven Rack fo","1","amazon.com.au","Amazon","Yarraville","Victoria","3013","31.96","4.99","0","-4.99","0","0","-4.15","-10.14","0","0","17.67"
"4 Nov 2025 5:14:55 am GMT+9","12178183403","Order","250-2645938-9426235","NLK-CSH-DcntGlsSet-Hbt","Whisky Decanter (750ml) and Whiskey Glasses(300ml) Hobart, Wine Decanter for Scotch, Bourbon, Whisky, Elegant Holiday Whiskey Gifts for Men and Women","1","amazon.com.au","Amazon","BROWNLOW HILL","NSW","2570","40.99","0","0","0","0","0","-5.33","-15.91","0","0","19.75"
"4 Nov 2025 5:16:05 am GMT+9","12178183403","Order","250-2326740-7523024","CCF-CSH-RlngPin","Stainless Steel Rolling Pin for Baking – Heavy-Duty Dough Rolling pin for Pizza, Cookies & Pastry | Non-Stick, Easy to Clean, Kitchen Essential","1","amazon.com.au","Amazon","PRESTON","VIC","3072","15.97","0","0","0","0","0","-2.08","-8.40","0","0","5.49"
"4 Nov 2025 7:28:10 am GMT+9","12178183403","Order","249-4556355-3635805","CCF-CSH-RlngPin","Stainless Steel Rolling Pin for Baking – Heavy-Duty Dough Rolling pin for Pizza, Cookies & Pastry | Non-Stick, Easy to Clean, Kitchen Essential","1","amazon.com.au","Amazon","ESSENDON","VIC","3040","15.97","0","0","0","0","0","-2.08","-8.40","0","0","5.49"
"4 Nov 2025 8:27:29 am GMT+9","12178183403","Order","249-0442693-0833427","CCF-CSH-RlngPin","Stainless Steel Rolling Pin for Baking – Heavy-Duty Dough Rolling pin for Pizza, Cookies & Pastry | Non-Stick, Easy to Clean, Kitchen Essential","1","amazon.com.au","Amazon","SOUTHSIDE","QLD","4570","15.97","0","0","0","0","0","-2.08","-8.40","0","0","5.49"
"4 Nov 2025 9:24:58 am GMT+9","12178183403","Order","249-0853800-6218249","CCF-CSH-RlngPin","Stainless Steel Rolling Pin for Baking – Heavy-Duty Dough Rolling pin for Pizza, Cookies & Pastry | Non-Stick, Easy to Clean, Kitchen Essential","1","amazon.com.au","Amazon","KINDRED","TAS","7310","15.97","0","0","0","0","0","-2.08","-8.40","0","0","5.49"
"4 Nov 2025 4:42:56 pm GMT+9","12178183403","Transfer","","","To account ending with: 088","","","","","","","0","0","0","0","0","0","0","0","0","-1,191.15","-1,191.15"
"4 Nov 2025 6:12:22 pm GMT+9","12178183403","Order","250-7121809-1448649","6T-GX3J-KT8G","Meat Tenderiser Hammer – Heavy Duty Meat Mallet for Tenderizing Steak, Chicken, Beef & More – Double-Sided Tool with Comfortable Handle for Home K","1","amazon.com.au","Amazon","INGLESIDE","NSW","2101","14.99","0","0","0","0","0","-1.95","-8.40","0","0","4.64"
"4 Nov 2025 10:14:51 pm GMT+9","12178183403","Order","503-8871237-7822228","MNM-CSH-CwdSwgChr-Crm","Baby Swing Chair for Indoor & Outdoor Fun – Soft Cotton Canvas Toddler Swing with Beech Wood Frame – Safe & Comfy Baby Toys – Ideal Sensory Swin","1","amazon.com.au","Amazon","BURNS BEACH","WA","6028","48.42","0","0","0","0","0","-6.29","-11.21","0","0","30.92"
"4 Nov 2025 11:54:00 pm GMT+9","12178183403","Order","249-6801238-4198224","CCF-CSH-RlngPin","Stainless Steel Rolling Pin for Baking – Heavy-Duty Dough Rolling pin for Pizza, Cookies & Pastry | Non-Stick, Easy to Clean, Kitchen Essential","1","amazon.com.au","Amazon","LANCEFIELD","VIC","3435","15.97","1.99","0","-1.99","0","0","-2.08","-8.40","0","0","5.49"
"5 Nov 2025 12:44:06 am GMT+9","12178183403","Order","250-6622306-9498250","N9-I4FJ-SD05","3-Tier Ceramic Cupcake Holder, Cake Stand Holder, Tiered DIY Cupcake Stand Tower for Dessert Table Displays, Birthday Theme Party Favors Decoration, F","1","amazon.com.au","Amazon","CREMORNE","NSW","2090","17.99","0","0","0","0","0","-2.34","-11.78","0","0","3.87"
"5 Nov 2025 5:01:35 am GMT+9","12178183403","Order","249-1765302-8225417","CCF-CSH-PzaPel","Large Pizza Peel with Folding Handle – Durable Stainless Steel Pizza Paddle for Easy Transfer, Perfect Pizza Turning Peel for Outdoor Pizza Ovens an","1","amazon.com.au","Amazon","ORMEAU","QLD","4208","22.41","0","0","0","0","0","-2.91","-10.65","0","0","8.85"
"5 Nov 2025 6:08:48 am GMT+9","12178183403","Order","249-8180284-3262253","NLK-CSH-Sklt-22","12"" Cast Iron Pan – Heavy-Duty cast Iron Skillet and Deep Frying Pans (2.5"" Deep) – Pre-Seasoned Nonstick Surface for Searing, Baking, Sautéing �","1","amazon.com.au","Amazon","SILVERDALE","NSW","2752","45.99","7.99","0","0","0","0","-5.98","-19.19","0","0","28.81"
"5 Nov 2025 6:59:50 am GMT+9","12178183403","Order","249-7836000-4508613","N9-I4FJ-SD05","3-Tier Ceramic Cupcake Holder, Cake Stand Holder, Tiered DIY Cupcake Stand Tower for Dessert Table Displays, Birthday Theme Party Favors Decoration, F","1","amazon.com.au","Amazon","KINGSTON","TAS","7050","17.99","0","0","0","0","0","-2.34","-11.78","0","0","3.87"
"5 Nov 2025 12:31:37 pm GMT+9","12178183403","Order","249-0552072-5199827","CCF-CSH-BkRkHlf2-2pk","Cooling and Roasting Rack Set - 2 Pack Stainless Steel Cooling Racks for Cooking and Baking, 30 x 43cm Oven-Safe Baking Racks, Heavy-Duty Oven Rack fo","1","amazon.com.au","Amazon","TOORAK","VIC","3142","31.96","0","0","0","0","0","-4.15","-10.14","0","0","17.67"
"5 Nov 2025 6:12:20 pm GMT+9","12178183403","Order","250-9830761-3711014","MNM-CSH-CwdSwgChr-Crm","Baby Swing Chair for Indoor & Outdoor Fun – Soft Cotton Canvas Toddler Swing with Beech Wood Frame – Safe & Comfy Baby Toys – Ideal Sensory Swin","1","amazon.com.au","Amazon","GIN GIN","QLD","4671","48.42","9.99","0","0","0","0","0","-21.20","0","0","37.21"
"5 Nov 2025 6:43:11 pm GMT+9","12178183403","Order","503-7851684-2931057","CCF-CSH-RlngPin","Stainless Steel Rolling Pin for Baking – Heavy-Duty Dough Rolling pin for Pizza, Cookies & Pastry | Non-Stick, Easy to Clean, Kitchen Essential","1","amazon.com.au","Amazon","HEWETT","SA","5118","15.97","0","0","0","0","0","-2.08","-8.40","0","0","5.49"
"5 Nov 2025 11:07:06 pm GMT+9","12178183403","Order","249-8899443-5505454","CCF-CSH-PrPzaCtr","Heavy Duty Pizza Cutter Rocker Blade with Cover – Premium Stainless Steel Pizza Slicer with Protective Sheath, Ergonomic Non-Slip Handle, Dishwasher","1","amazon.com.au","Amazon","WEST HINDMARSH","SA","5007","17.99","0","0","0","0","0","-2.34","-8.40","0","0","7.25"
"5 Nov 2025 11:28:39 pm GMT+9","12178183403","Order","249-9225316-6419063","CCF-CSH-SlUtensl5pcs","5-Piece Silicone Kitchen Utensil Set – Premium BPA-Free Cooking Tools & Gadgets for Nonstick Cookware – Dishwasher Safe & Durable","1","amazon.com.au","Amazon","MOUNT ANNAN","NSW","2567","19.99","0","0","0","0","0","-2.60","-10.65","0","0","6.74"
"6 Nov 2025 7:50:16 am GMT+9","12178183403","Order","503-9578464-2685441","N9-I4FJ-SD05","3-Tier Ceramic Cupcake Holder, Cake Stand Holder, Tiered DIY Cupcake Stand Tower for Dessert Table Displays, Birthday Theme Party Favors Decoration, F","1","amazon.com.au","Amazon","Dee Why","NSW","2099","17.99","2.33","0","0","0","0","-2.34","-14.11","0","0","3.87"
"6 Nov 2025 8:09:32 am GMT+9","12178183403","Order","250-2612745-2066234","CCF-CSH-RlngPin","Stainless Steel Rolling Pin for Baking – Heavy-Duty Dough Rolling pin for Pizza, Cookies & Pastry | Non-Stick, Easy to Clean, Kitchen Essential","1","amazon.com.au","Amazon","Carlingford","NSW","2118","15.97","0","0","0","0","0","-2.08","-8.40","0","0","5.49"
"6 Nov 2025 8:40:00 am GMT+9","12178183403","Order","250-7265885-3079042","N9-I4FJ-SD05","3-Tier Ceramic Cupcake Holder, Cake Stand Holder, Tiered DIY Cupcake Stand Tower for Dessert Table Displays, Birthday Theme Party Favors Decoration, F","1","amazon.com.au","Amazon","COOMA","NSW","2630","17.99","0","0","0","0","0","-2.34","-11.78","0","0","3.87"
"6 Nov 2025 9:12:50 am GMT+9","12178183403","Order","503-8458800-1629464","6T-GX3J-KT8G","Meat Tenderiser Hammer – Heavy Duty Meat Mallet for Tenderizing Steak, Chicken, Beef & More – Double-Sided Tool with Comfortable Handle for Home K","1","amazon.com.au","Amazon","SOUTH WENTWORTHVILLE","NSW","2145","14.99","7.99","0","-7.99","0","0","-1.95","-8.40","0","0","4.64"
"6 Nov 2025 2:13:59 pm GMT+9","12178183403","Order","249-4109537-1285432","CCF-CSH-PzaPel-Xl","Extra Large Pizza Peel with Folding Handle – Heavy-Duty Stainless Steel Pizza Paddle for Effortless Transfer, Perfect Pizza Turning Peel for Outdoor","1","amazon.com.au","Amazon","ORANGE","NSW","2800","32.00","0","0","0","0","0","-4.16","-10.65","0","0","17.19"
"6 Nov 2025 4:35:55 pm GMT+9","12178183403","Order","503-6885016-4280604","CCF-CSH-PzaPel","Large Pizza Peel with Folding Handle – Durable Stainless Steel Pizza Paddle for Easy Transfer, Perfect Pizza Turning Peel for Outdoor Pizza Ovens an","1","amazon.com.au","Amazon","LAKE CONJOLA","NSW","2539","22.41","0","0","0","0","0","-2.91","-10.65","0","0","8.85"
"7 Nov 2025 12:44:31 am GMT+9","12178183403","Order","249-6846531-7968652","CCF-CSH-RlngPin","Stainless Steel Rolling Pin for Baking – Heavy-Duty Dough Rolling pin for Pizza, Cookies & Pastry | Non-Stick, Easy to Clean, Kitchen Essential","1","amazon.com.au","Amazon","HUNCHY","QLD","4555","15.97","0","0","0","0","0","-2.08","-8.40","0","0","5.49"
"7 Nov 2025 1:33:28 am GMT+9","12178183403","Fulfilment by Amazon inventory fee","","","FBA storage fee","","Amazon.com.au","","","","","0","0","0","0","0","0","0","0","0","-187.05","-187.05"
"7 Nov 2025 4:51:38 am GMT+9","12178183403","Order","249-6999458-2403021","6T-GX3J-KT8G","Meat Tenderiser Hammer – Heavy Duty Meat Mallet for Tenderizing Steak, Chicken, Beef & More – Double-Sided Tool with Comfortable Handle for Home K","1","amazon.com.au","Amazon","FINDON","SA","5023","14.99","0","0","0","0","0","-1.95","-8.40","0","0","4.64"
"7 Nov 2025 8:13:50 am GMT+9","12178183403","Order","249-1483098-2011002","CCF-CSH-PzaPel","Large Pizza Peel with Folding Handle – Durable Stainless Steel Pizza Paddle for Easy Transfer, Perfect Pizza Turning Peel for Outdoor Pizza Ovens an","1","amazon.com.au","Amazon","MILTON","QLD","4064","22.41","0","0","0","0","0","-2.91","-10.65","0","0","8.85"
"7 Nov 2025 9:23:22 am GMT+9","12178183403","Order","250-7119268-3450224","NLK-CSH-DcntGlsSet-Tmn","Whiskey Decanter Set – 750ml Crystal Decanter with 4 x 300ml Whiskey Glasses, Elegant Crystal Cocktail Glasses for Scotch,Bourbon,Whisky – Stylish","1","amazon.com.au","Amazon","GRIFFIN","QLD","4503","42.49","0","0","0","0","0","-5.52","-15.74","0","0","21.23"
"7 Nov 2025 8:29:33 pm GMT+9","12178183403","Order","250-9090633-1048668","NLK-CSH-Sklt-22","12"" Cast Iron Pan – Heavy-Duty cast Iron Skillet and Deep Frying Pans (2.5"" Deep) – Pre-Seasoned Nonstick Surface for Searing, Baking, Sautéing �","1","amazon.com.au","Amazon","HEATHMONT","VIC","3135","40.21","0","0","0","0","0","-5.23","-11.20","0","0","23.78"
"8 Nov 2025 1:37:17 am GMT+9","12178183403","Order","250-8717743-5175801","CCF-CSH-PzaPel","Large Pizza Peel with Folding Handle – Durable Stainless Steel Pizza Paddle for Easy Transfer, Perfect Pizza Turning Peel for Outdoor Pizza Ovens an","1","amazon.com.au","Amazon","BURWOOD EAST","VIC","3151","22.41","3.33","0","-3.33","0","0","-2.91","-10.65","0","0","8.85"
"8 Nov 2025 3:15:52 am GMT+9","12178183403","Order","503-6313598-9145441","CCF-CSH-PltcCtngBrd","Plastic Cutting Board – Reversible Chopping Board with Juice Groove, Flexible Cutting Mat Style, Dishwasher Safe, White/Black","1","amazon.com.au","Amazon","SORRENTO","WA","6020","19.49","0","0","0","0","0","-2.53","-10.14","0","0","6.82"
"8 Nov 2025 8:46:26 am GMT+9","12178183403","Order","503-6266659-0411859","CCF-CSH-RlngPin","Stainless Steel Rolling Pin for Baking – Heavy-Duty Dough Rolling pin for Pizza, Cookies & Pastry | Non-Stick, Easy to Clean, Kitchen Essential","1","amazon.com.au","Amazon","MACGREGOR","ACT","2615","15.97","0","0","0","0","0","-2.08","-8.40","0","0","5.49"
"8 Nov 2025 8:50:35 am GMT+9","12178183403","Order","249-8351937-9863808","CCF-CSH2-AlShtPnBkRk-HlfTwn","Stainless Steel Baking Tray and Rack Set – 2 Half Sheet Oven Trays with 2 Cooling Racks for Oven, Durable Bakeware for Baking, Cooking, Grilling, an","1","amazon.com.au","Amazon","HAWKER","ACT","2614","50.21","0","0","0","0","0","-13.06","-14.34","0","0","22.81"
"8 Nov 2025 8:50:35 am GMT+9","12178183403","Order","249-8351937-9863808","CCF-CSH2-AlShtPnBkRk-HlfTwn","Stainless Steel Baking Tray and Rack Set – 2 Half Sheet Oven Trays with 2 Cooling Racks for Oven, Durable Bakeware for Baking, Cooking, Grilling, an","1","amazon.com.au","Amazon","HAWKER","ACT","2614","50.21","0","0","0","0","0","0","-14.34","0","0","35.87"
"8 Nov 2025 4:03:19 pm GMT+9","12178183403","Order","503-2170797-6368668","CCF-CSH-RlngPin","Stainless Steel Rolling Pin for Baking – Heavy-Duty Dough Rolling pin for Pizza, Cookies & Pastry | Non-Stick, Easy to Clean, Kitchen Essential","1","amazon.com.au","Amazon","Thornbury","VIC","3071","15.97","0","0","0","0","0","-2.08","-8.40","0","0","5.49"
"8 Nov 2025 5:08:01 pm GMT+9","12178183403","Order","250-6946451-0556603","CCF-CSH-PrPzaCtr","Heavy Duty Pizza Cutter Rocker Blade with Cover – Premium Stainless Steel Pizza Slicer with Protective Sheath, Ergonomic Non-Slip Handle, Dishwasher","1","amazon.com.au","Amazon","Sydenham","Victoria","3037","17.99","0","0","0","0","0","-2.34","-8.40","0","0","7.25"
"8 Nov 2025 9:31:34 pm GMT+9","12178183403","Order","250-3951225-4539822","CCF-CSH-RlngPin","Stainless Steel Rolling Pin for Baking – Heavy-Duty Dough Rolling pin for Pizza, Cookies & Pastry | Non-Stick, Easy to Clean, Kitchen Essential","1","amazon.com.au","Amazon","North epping","Nsw","2121","15.97","3.33","0","-3.33","0","0","0","-8.40","0","0","7.57"
"8 Nov 2025 10:54:39 pm GMT+9","12178183403","Order","250-4938768-5012631","CCF-CSH1-PzaCtr-L14","Pizza Cutter Rocker Blade 14"" - Sharp Stainless Steel Rocker Knife with Plastic Blade Sheath, Dishwasher Safe, Outdoor Pizza Oven Accessories (14 inch","1","amazon.com.au","Amazon","MAWSON","ACT","2607","17.99","0","0","0","0","0","-2.34","-8.40","0","0","7.25"
"9 Nov 2025 3:16:18 am GMT+9","12178183403","Order","250-7399507-1338201","CCF-CSH1-PzaCtr-L14","Pizza Cutter Rocker Blade 14"" - Sharp Stainless Steel Rocker Knife with Plastic Blade Sheath, Dishwasher Safe, Outdoor Pizza Oven Accessories (14 inch","1","amazon.com.au","Amazon","KARIONG","NSW","2250","17.99","0","0","0","0","0","-2.34","-8.40","0","0","7.25"
"9 Nov 2025 8:39:16 am GMT+9","12178183403","Order","503-3367957-9006262","CCF-CSH-DghScrpr2","Stainless Steel Dough Scraper with Cover – Versatile Kitchen Tool, Heavy-Duty Bench Scraper & Dough Cutter for Baking, Cooking, Pastry, and Bread Pr","1","amazon.com.au","Amazon","PICNIC POINT","NSW","2213","9.99","0","0","0","0","0","0","-6.72","0","0","3.27"
"9 Nov 2025 9:03:31 am GMT+9","12178183403","Order","503-1910170-6237453","NLK-CSH-Sklt-22","12"" Cast Iron Pan – Heavy-Duty cast Iron Skillet and Deep Frying Pans (2.5"" Deep) – Pre-Seasoned Nonstick Surface for Searing, Baking, Sautéing �","1","amazon.com.au","Amazon","KALLANGUR","QLD","4503","40.21","0","0","0","0","0","-5.23","-11.20","0","0","23.78"
"9 Nov 2025 11:14:23 am GMT+9","12178183403","Order","250-6415073-1365453","CCF-CSH-BkRkHlf2-2pk","Cooling and Roasting Rack Set - 2 Pack Stainless Steel Cooling Racks for Cooking and Baking, 30 x 43cm Oven-Safe Baking Racks, Heavy-Duty Oven Rack fo","1","amazon.com.au","Amazon","CLEAR MOUNTAIN","QLD","4500","31.96","0","0","0","0","0","-4.15","-10.14","0","0","17.67"
"9 Nov 2025 3:05:08 pm GMT+9","12178183403","Order","250-4609947-2266245","6T-GX3J-KT8G","Meat Tenderiser Hammer – Heavy Duty Meat Mallet for Tenderizing Steak, Chicken, Beef & More – Double-Sided Tool with Comfortable Handle for Home K","1","amazon.com.au","Amazon","WERRIBEE","VIC","3030","14.99","0","0","0","0","0","0","-8.40","0","0","6.59"
"9 Nov 2025 3:22:10 pm GMT+9","12178183403","Order","250-6176116-0468620","CCF-CSH-PrPzaCtr","Heavy Duty Pizza Cutter Rocker Blade with Cover – Premium Stainless Steel Pizza Slicer with Protective Sheath, Ergonomic Non-Slip Handle, Dishwasher","1","amazon.com.au","Amazon","FULLERTON COVE","","2318","19.99","3.99","0","0","0","0","0","-12.39","0","0","11.59"
"10 Nov 2025 12:09:25 am GMT+9","12178183403","Order","250-7346848-6256607","CCF-CSH-PzaPel-Xl","Extra Large Pizza Peel with Folding Handle – Heavy-Duty Stainless Steel Pizza Paddle for Effortless Transfer, Perfect Pizza Turning Peel for Outdoor","1","amazon.com.au","Amazon","TERRIGAL","NSW","2260","32.00","0","0","0","0","0","0","-10.65","0","0","21.35"
"10 Nov 2025 4:30:32 am GMT+9","12178183403","Order","503-2587711-2511822","CCF-CSH-DghScrpr2","Stainless Steel Dough Scraper with Cover – Versatile Kitchen Tool, Heavy-Duty Bench Scraper & Dough Cutter for Baking, Cooking, Pastry, and Bread Pr","1","amazon.com.au","Amazon","WAVERLEY","NSW","2024","9.99","3.33","0","-3.33","0","0","0","-6.72","0","0","3.27"
"10 Nov 2025 5:08:07 am GMT+9","12178183403","Order","250-4345953-6407037","CCF-CSH-BkRkHlf2-2pk","Cooling and Roasting Rack Set - 2 Pack Stainless Steel Cooling Racks for Cooking and Baking, 30 x 43cm Oven-Safe Baking Racks, Heavy-Duty Oven Rack fo","1","amazon.com.au","Amazon","PROSPECT","SA","5082","31.96","0","0","0","0","0","0","-10.14","0","0","21.82"
"10 Nov 2025 7:26:51 am GMT+9","12178183403","Order","249-6632227-7283060","6T-GX3J-KT8G","Meat Tenderiser Hammer – Heavy Duty Meat Mallet for Tenderizing Steak, Chicken, Beef & More – Double-Sided Tool with Comfortable Handle for Home K","1","amazon.com.au","Amazon","CAMMERAY","NSW","2062","14.99","0","0","0","0","0","0","-8.40","0","0","6.59"
"10 Nov 2025 8:14:30 am GMT+9","12178183403","Order","250-9231582-2619005","NLK-CSH-Sklt-22","12"" Cast Iron Pan – Heavy-Duty cast Iron Skillet and Deep Frying Pans (2.5"" Deep) – Pre-Seasoned Nonstick Surface for Searing, Baking, Sautéing �","1","amazon.com.au","Amazon","CAMBERWELL","VIC","3124","40.21","0","0","0","0","0","0","-11.20","0","0","29.01"
"10 Nov 2025 8:17:23 am GMT+9","12178183403","Order","503-0453875-7613405","CCF-CSH-BkRkHlf2-2pk","Cooling and Roasting Rack Set - 2 Pack Stainless Steel Cooling Racks for Cooking and Baking, 30 x 43cm Oven-Safe Baking Racks, Heavy-Duty Oven Rack fo","1","amazon.com.au","Amazon","SCARBOROUGH","WA","6019","31.96","0","0","0","0","0","0","-10.14","0","0","21.82"
"10 Nov 2025 8:47:19 am GMT+9","12178183403","Order","503-5610851-3522249","CCF-CSH2-AlShtPnBkRk-HlfTwn","Stainless Steel Baking Tray and Rack Set – 2 Half Sheet Oven Trays with 2 Cooling Racks for Oven, Durable Bakeware for Baking, Cooking, Grilling, an","1","amazon.com.au","Amazon","MOSMAN","NSW","2088","50.21","3.99","0","-3.99","0","0","0","-14.34","0","0","35.87"
"10 Nov 2025 1:16:56 pm GMT+9","12178183403","Order","250-0729331-5035852","CCF-CSH-RlngPin","Stainless Steel Rolling Pin for Baking – Heavy-Duty Dough Rolling pin for Pizza, Cookies & Pastry | Non-Stick, Easy to Clean, Kitchen Essential","1","amazon.com.au","Amazon","NARRE WARREN SOUTH","VIC","3805","15.97","0","0","0","0","0","0","-8.40","0","0","7.57"
"10 Nov 2025 6:05:23 pm GMT+9","12178183403","Adjustment","249-6261988-0956669","CCF-CSH2-AlShtPnBkRk-HlfTwn","FBA Inventory Reimbursement - Customer Return","1","","","","","","0","0","0","0","0","0","0","0","0","37.17","37.17"
"11 Nov 2025 12:10:09 am GMT+9","12178183403","Order","249-7444402-9967821","CCF-CSH-IceCrmScp","Durable Ice Cream Scoop with Ergonomic Handle – Heavy-Duty Aluminium Icecream Scoop for Effortless Serving of Frozen Desserts, Sorbet, Gelato & More","1","amazon.com.au","Amazon","SADLEIR","NSW","2168","9.99","0","0","0","0","0","0","-6.46","0","0","3.53"
"11 Nov 2025 12:56:26 am GMT+9","12178183403","Order","503-5576349-8121449","CCF-CSH-RlngPin","Stainless Steel Rolling Pin for Baking – Heavy-Duty Dough Rolling pin for Pizza, Cookies & Pastry | Non-Stick, Easy to Clean, Kitchen Essential","1","amazon.com.au","Amazon","FINLEY","NSW","2713","15.97","0","0","0","0","0","0","-8.40","0","0","7.57"
"11 Nov 2025 3:50:27 am GMT+9","12178183403","Order","249-7414570-3284616","NLK-CSH-Sklt-22","12"" Cast Iron Pan – Heavy-Duty cast Iron Skillet and Deep Frying Pans (2.5"" Deep) – Pre-Seasoned Nonstick Surface for Searing, Baking, Sautéing �","1","amazon.com.au","Amazon","Condon","Queensland","4815","40.21","3.33","0","-3.33","0","0","-5.23","-11.20","0","0","23.78"
"11 Nov 2025 4:02:01 am GMT+9","12178183403","Order","249-3938519-4939010","CCF-CSH2-AlShtPnBkRk-HlfTwn","Stainless Steel Baking Tray and Rack Set – 2 Half Sheet Oven Trays with 2 Cooling Racks for Oven, Durable Bakeware for Baking, Cooking, Grilling, an","1","amazon.com.au","Amazon","KINGSFORD","NSW","2032","50.21","1.00","0","-1.00","0","0","0","-14.34","0","0","35.87"
"11 Nov 2025 5:20:35 pm GMT+9","12178183403","Order","250-7287706-1529400","CCF-CSH-RlngPin","Stainless Steel Rolling Pin for Baking – Heavy-Duty Dough Rolling pin for Pizza, Cookies & Pastry | Non-Stick, Easy to Clean, Kitchen Essential","1","amazon.com.au","Amazon","GOLDEN BEACH","QLD","4551","15.97","0","0","0","0","0","0","-8.40","0","0","7.57"
"12 Nov 2025 1:57:41 am GMT+9","12178183403","Order","503-3606455-4039002","CCF-CSH-TstrPn5pcs","5-Piece Nonstick Bakeware Set for Toaster & Convection Ovens – Includes Baking Trays, Cooling Rack & Silicone Mats – Compact Baking Tray Set for S","1","amazon.com.au","Amazon","POINT COOK","VIC","3030","24.99","0","0","0","0","0","0","-9.12","0","0","15.87"
"12 Nov 2025 7:08:43 am GMT+9","12178183403","Order","249-3755348-5867063","N9-I4FJ-SD05","3-Tier Ceramic Cupcake Holder, Cake Stand Holder, Tiered DIY Cupcake Stand Tower for Dessert Table Displays, Birthday Theme Party Favors Decoration, F","1","amazon.com.au","Amazon","GLEN IRIS","VIC","3146","17.99","4.00","0","0","0","0","0","-15.78","0","0","6.21"
"12 Nov 2025 2:16:55 pm GMT+9","12178183403","Fulfilment by Amazon inventory fee","","","FBA Amazon-Partnered Carrier Shipment Fee","","Amazon.com.au","","","","","0","0","0","0","0","0","0","0","0","-164.67","-164.67"
"12 Nov 2025 2:18:50 pm GMT+9","12178183403","Fulfilment by Amazon inventory fee","","","FBA Amazon-Partnered Carrier Shipment Fee","","Amazon.com.au","","","","","0","0","0","0","0","0","0","0","0","-164.67","-164.67"
"12 Nov 2025 4:48:55 pm GMT+9","12178183403","Order","503-1256946-5056642","CCF-CSH-TstrPn5pcs","5-Piece Nonstick Bakeware Set for Toaster & Convection Ovens – Includes Baking Trays, Cooling Rack & Silicone Mats – Compact Baking Tray Set for S","1","amazon.com.au","Amazon","Clyde","Victoria","3978","24.99","7.99","0","0","0","0","0","-17.11","0","0","15.87"
"12 Nov 2025 9:56:15 pm GMT+9","12178183403","Order","250-3474150-7559837","6T-GX3J-KT8G","Meat Tenderiser Hammer – Heavy Duty Meat Mallet for Tenderizing Steak, Chicken, Beef & More – Double-Sided Tool with Comfortable Handle for Home K","1","amazon.com.au","Amazon","woy woy","nsw","2256","14.99","0","0","0","0","0","0","-8.40","0","0","6.59"
"13 Nov 2025 12:26:21 am GMT+9","12178183403","Order","250-8579412-8387810","CCF-CSH-PzaPel","Large Pizza Peel with Folding Handle – Durable Stainless Steel Pizza Paddle for Easy Transfer, Perfect Pizza Turning Peel for Outdoor Pizza Ovens an","1","amazon.com.au","Amazon","CHAMBERS FLAT","QLD","4133","22.41","0","0","0","0","0","0","-10.65","0","0","11.76"
"13 Nov 2025 2:48:04 am GMT+9","12178183403","Order","249-3466005-7281412","CCF-CSH2-AlShtPnBkRk-HlfTwn","Stainless Steel Baking Tray and Rack Set – 2 Half Sheet Oven Trays with 2 Cooling Racks for Oven, Durable Bakeware for Baking, Cooking, Grilling, an","1","amazon.com.au","Amazon","EPSOM","VIC","3551","50.21","0","0","0","0","0","0","-14.34","0","0","35.87"
"13 Nov 2025 4:20:59 am GMT+9","12178183403","Order","503-4248927-4487033","CCF-CSH1-PzaCtr-L14","Pizza Cutter Rocker Blade 14"" - Sharp Stainless Steel Rocker Knife with Plastic Blade Sheath, Dishwasher Safe, Outdoor Pizza Oven Accessories (14 inch","1","amazon.com.au","Amazon","MAROOCHYDORE","QLD","4558","17.99","0","0","0","0","0","0","-8.40","0","0","9.59"
"13 Nov 2025 4:33:01 am GMT+9","12178183403","Order","250-2607626-2751852","CCF-CSH2-AlShtPnBkRk-HlfTwn","Stainless Steel Baking Tray and Rack Set – 2 Half Sheet Oven Trays with 2 Cooling Racks for Oven, Durable Bakeware for Baking, Cooking, Grilling, an","1","amazon.com.au","Amazon","mawson lakes","South australia","5095","50.21","7.99","0","-7.99","0","0","0","-14.34","0","0","35.87"
"13 Nov 2025 7:44:22 am GMT+9","12178183403","Order","250-9627381-6959856","CCF-CSH2-AlShtPnBkRk-HlfTwn","Stainless Steel Baking Tray and Rack Set – 2 Half Sheet Oven Trays with 2 Cooling Racks for Oven, Durable Bakeware for Baking, Cooking, Grilling, an","1","amazon.com.au","Amazon","CRYSTAL BROOK","SA","5523","50.21","0","0","0","0","0","0","-14.34","0","0","35.87"
"13 Nov 2025 8:39:26 am GMT+9","12178183403","Order","249-4703470-9939060","CCF-CSH-RlngPin","Stainless Steel Rolling Pin for Baking – Heavy-Duty Dough Rolling pin for Pizza, Cookies & Pastry | Non-Stick, Easy to Clean, Kitchen Essential","1","amazon.com.au","Amazon","VAUCLUSE","NSW","2030","15.97","0","0","0","0","0","0","-8.40","0","0","7.57"
"13 Nov 2025 5:12:35 pm GMT+9","12187095163","Order","250-5595787-2269435","NLK-CSH-Sklt-22","12"" Cast Iron Pan – Heavy-Duty cast Iron Skillet and Deep Frying Pans (2.5"" Deep) – Pre-Seasoned Nonstick Surface for Searing, Baking, Sautéing �","1","amazon.com.au","Amazon","SOUTH YARRA","VIC","3141","40.21","4.99","0","-4.99","0","0","0","-11.20","0","0","29.01"
"13 Nov 2025 10:21:06 pm GMT+9","12187095163","Order","249-1790155-1363851","N9-I4FJ-SD05","3-Tier Ceramic Cupcake Holder, Cake Stand Holder, Tiered DIY Cupcake Stand Tower for Dessert Table Displays, Birthday Theme Party Favors Decoration, F","1","amazon.com.au","Amazon","BARRACK HEIGHTS","NSW","2528","17.99","2.25","0","-2.25","0","0","0","-11.78","0","0","6.21"
"13 Nov 2025 11:17:36 pm GMT+9","12187095163","Order","249-3327944-6835054","CCF-CSH-PltcCtngBrd","Plastic Cutting Board – Reversible Chopping Board with Juice Groove, Flexible Cutting Mat Style, Dishwasher Safe, White/Black","1","amazon.com.au","Amazon","MILTON","QLD","4064","19.49","0","0","0","0","0","0","-10.14","0","0","9.35"
"14 Nov 2025 2:12:45 am GMT+9","12187095163","Order","250-1632676-9814228","CCF-CSH-MzlnaChprCtngBrd2","Mezzaluna Chopper with Cutting Board Set – Sharp Mezzaluna Knife, Sturdy Chopping Board & Protective Cover – Designed for Quick Herb & Veggie Prep","1","amazon.com.au","Amazon","CARRUM","VIC","3197","23.99","0","0","0","0","0","0","-10.65","0","0","13.34"
"14 Nov 2025 4:08:44 am GMT+9","12187095163","Order","503-6774807-2875060","CCF-CSH-RlngPin","Stainless Steel Rolling Pin for Baking – Heavy-Duty Dough Rolling pin for Pizza, Cookies & Pastry | Non-Stick, Easy to Clean, Kitchen Essential","1","amazon.com.au","Amazon","BOTANY","NSW","2019","15.97","1.14","0","-1.14","0","0","0","-8.40","0","0","7.57"
"14 Nov 2025 4:45:32 am GMT+9","12187095163","Order","503-1678776-5862268","NLK-CSH-Sklt-22","12"" Cast Iron Pan – Heavy-Duty cast Iron Skillet and Deep Frying Pans (2.5"" Deep) – Pre-Seasoned Nonstick Surface for Searing, Baking, Sautéing �","1","amazon.com.au","Amazon","ELWOOD","VIC","3184","40.21","5.00","0","-5.00","0","0","0","-11.20","0","0","29.01"
"14 Nov 2025 6:57:57 am GMT+9","12187095163","Order","503-8769174-1397403","CCF-CSH-PzaPel-Xl","Extra Large Pizza Peel with Folding Handle – Heavy-Duty Stainless Steel Pizza Paddle for Effortless Transfer, Perfect Pizza Turning Peel for Outdoor","1","amazon.com.au","Amazon","STRATHFIELDSAYE","VIC","3551","32.00","0","0","0","0","0","0","-10.65","0","0","21.35"
"14 Nov 2025 7:05:32 am GMT+9","12187095163","Order","503-0422865-9799836","CCF-CSH-PzaPel","Large Pizza Peel with Folding Handle – Durable Stainless Steel Pizza Paddle for Easy Transfer, Perfect Pizza Turning Peel for Outdoor Pizza Ovens an","1","amazon.com.au","Amazon","CANNONVALE","QLD","4802","22.41","0","0","0","0","0","-2.91","-10.65","0","0","8.85"
"14 Nov 2025 7:05:53 am GMT+9","12187095163","Order","249-5528485-9687023","CCF-CSH-RlngPin","Stainless Steel Rolling Pin for Baking – Heavy-Duty Dough Rolling pin for Pizza, Cookies & Pastry | Non-Stick, Easy to Clean, Kitchen Essential","1","amazon.com.au","Amazon","DARLING HEIGHTS","QLD","4350","15.97","0","0","0","0","0","0","-8.40","0","0","7.57"
"14 Nov 2025 8:22:25 am GMT+9","12187095163","Order","250-8183991-2774229","CCF-CSH-RlngPin","Stainless Steel Rolling Pin for Baking – Heavy-Duty Dough Rolling pin for Pizza, Cookies & Pastry | Non-Stick, Easy to Clean, Kitchen Essential","1","amazon.com.au","Amazon","Brighton","Victoria","3186","15.97","0","0","0","0","0","0","-8.40","0","0","7.57"
"14 Nov 2025 8:29:10 am GMT+9","12187095163","Order","249-1781060-9702229","CCF-CSH-DghScrpr2","Stainless Steel Dough Scraper with Cover – Versatile Kitchen Tool, Heavy-Duty Bench Scraper & Dough Cutter for Baking, Cooking, Pastry, and Bread Pr","1","amazon.com.au","Amazon","CONNEWARRE","VIC","3227","9.99","2.25","0","-2.25","0","0","0","-6.72","0","0","3.27"
"14 Nov 2025 9:20:41 am GMT+9","12187095163","Order","249-2409943-1667035","CCF-CSH1-PzaCtr-L14","Pizza Cutter Rocker Blade 14"" - Sharp Stainless Steel Rocker Knife with Plastic Blade Sheath, Dishwasher Safe, Outdoor Pizza Oven Accessories (14 inch","1","amazon.com.au","Amazon","SOUTH MACLEAN","QLD","4280","17.99","0","0","0","0","0","0","-8.40","0","0","9.59"
"14 Nov 2025 12:57:40 pm GMT+9","12187095163","Transfer","","","To account ending with: 088","","","","","","","0","0","0","0","0","0","0","0","0","-2,655.68","-2,655.68"
"14 Nov 2025 3:22:12 pm GMT+9","12187095163","Order","503-7404589-3338216","CCF-CSH-BkRkHlf2-2pk","Cooling and Roasting Rack Set - 2 Pack Stainless Steel Cooling Racks for Cooking and Baking, 30 x 43cm Oven-Safe Baking Racks, Heavy-Duty Oven Rack fo","1","amazon.com.au","Amazon","HARRINGTON PARK","NSW","2567","31.96","0","0","0","0","0","0","-10.14","0","0","21.82"
"14 Nov 2025 9:39:03 pm GMT+9","12187095163","Order","250-2456392-3599825","N9-I4FJ-SD05","3-Tier Ceramic Cupcake Holder, Cake Stand Holder, Tiered DIY Cupcake Stand Tower for Dessert Table Displays, Birthday Theme Party Favors Decoration, F","1","amazon.com.au","Amazon","West pennant hills","NSW","2125","17.99","0","0","0","0","0","0","-11.78","0","0","6.21"
"14 Nov 2025 9:55:57 pm GMT+9","12187095163","Order","503-1699879-2535062","CCF-CSH-PzaPel","Large Pizza Peel with Folding Handle – Durable Stainless Steel Pizza Paddle for Easy Transfer, Perfect Pizza Turning Peel for Outdoor Pizza Ovens an","1","amazon.com.au","Amazon","COLLAROY","NSW","2097","22.41","0","0","0","0","0","0","-10.65","0","0","11.76"
"14 Nov 2025 10:20:56 pm GMT+9","12187095163","Order","250-3771333-7402266","CCF-CSH-RlngPin","Stainless Steel Rolling Pin for Baking – Heavy-Duty Dough Rolling pin for Pizza, Cookies & Pastry | Non-Stick, Easy to Clean, Kitchen Essential","1","amazon.com.au","Amazon","Carrum","Victoria","3197","15.97","0","0","0","0","0","0","-8.40","0","0","7.57"
"14 Nov 2025 11:29:15 pm GMT+9","12187095163","Order","249-2879204-7656635","NLK-CSH-Sklt-22","12"" Cast Iron Pan – Heavy-Duty cast Iron Skillet and Deep Frying Pans (2.5"" Deep) – Pre-Seasoned Nonstick Surface for Searing, Baking, Sautéing �","1","amazon.com.au","Amazon","QUEENSCLIFF","NSW","2096","40.21","1.00","0","0","0","0","0","-12.20","0","0","29.01"
"14 Nov 2025 11:55:53 pm GMT+9","12187095163","Order","503-1167178-8158221","CCF-CSH-BkRkHlf2-2pk","Cooling and Roasting Rack Set - 2 Pack Stainless Steel Cooling Racks for Cooking and Baking, 30 x 43cm Oven-Safe Baking Racks, Heavy-Duty Oven Rack fo","1","amazon.com.au","Amazon","TUGUN","QLD","4224","31.96","0","0","0","0","0","0","-10.14","0","0","21.82"
"15 Nov 2025 3:10:04 am GMT+9","12187095163","Order","250-8660567-2526221","CCF-CSH-RlngPin","Stainless Steel Rolling Pin for Baking – Heavy-Duty Dough Rolling pin for Pizza, Cookies & Pastry | Non-Stick, Easy to Clean, Kitchen Essential","1","amazon.com.au","Amazon","Toronto","NSW","2283","15.97","0","0","0","0","0","0","-8.40","0","0","7.57"
"15 Nov 2025 3:36:54 am GMT+9","12187095163","Order","249-9960593-5287023","CCF-CSH4-AlShtPnBkRk-HlfTwn","Stainless Steel Baking Tray with Cooling Rack – 1 Quarter Sheet Oven Tray and 1 Wire Rack for Oven, Durable Bakeware for Baking, Cooking, Grilling,","1","amazon.com.au","Amazon","ENMORE","NSW","2042","34.99","3.33","0","-3.33","0","0","0","-10.14","0","0","24.85"
"15 Nov 2025 6:20:25 am GMT+9","12187095163","Order","250-9484895-5111835","CCF-CSH-PzaPel-Xl","Extra Large Pizza Peel with Folding Handle – Heavy-Duty Stainless Steel Pizza Paddle for Effortless Transfer, Perfect Pizza Turning Peel for Outdoor","1","amazon.com.au","Amazon","BROWNS PLAINS","QLD","4118","32.00","2.66","0","-2.66","0","0","0","-10.65","0","0","21.35"
"15 Nov 2025 8:03:03 am GMT+9","12187095163","Order","250-8632770-2855840","N9-I4FJ-SD05","3-Tier Ceramic Cupcake Holder, Cake Stand Holder, Tiered DIY Cupcake Stand Tower for Dessert Table Displays, Birthday Theme Party Favors Decoration, F","1","amazon.com.au","Amazon","RYDE","NSW","2112","17.99","0","0","0","0","0","0","-11.78","0","0","6.21"
"15 Nov 2025 9:14:08 am GMT+9","12187095163","Order","503-8428310-8321435","CCF-CSH1-PzaCtr-L14","Pizza Cutter Rocker Blade 14"" - Sharp Stainless Steel Rocker Knife with Plastic Blade Sheath, Dishwasher Safe, Outdoor Pizza Oven Accessories (14 inch","1","amazon.com.au","Amazon","CLYDE NORTH","VIC","3978","17.99","0","0","0","0","0","0","-8.40","0","0","9.59"
"16 Nov 2025 12:25:00 am GMT+9","12187095163","Order","503-9917822-0703056","CCF-CSH-PzaPel-Xl","Extra Large Pizza Peel with Folding Handle – Heavy-Duty Stainless Steel Pizza Paddle for Effortless Transfer, Perfect Pizza Turning Peel for Outdoor","1","amazon.com.au","Amazon","CRANBOURNE","VIC","3977","32.00","0","0","0","0","0","0","-10.65","0","0","21.35"
"16 Nov 2025 3:30:34 am GMT+9","12187095163","Order","503-1832570-8419863","CCF-CSH-BkRkHlf2-2pk","Cooling and Roasting Rack Set - 2 Pack Stainless Steel Cooling Racks for Cooking and Baking, 30 x 43cm Oven-Safe Baking Racks, Heavy-Duty Oven Rack fo","1","amazon.com.au","Amazon","FARMBOROUGH HEIGHTS","NSW","2526","31.96","0","0","0","0","0","0","-10.14","0","0","21.82"
"16 Nov 2025 6:20:40 am GMT+9","12187095163","Order","249-3669858-7427031","6T-GX3J-KT8G","Meat Tenderiser Hammer – Heavy Duty Meat Mallet for Tenderizing Steak, Chicken, Beef & More – Double-Sided Tool with Comfortable Handle for Home K","1","amazon.com.au","Amazon","BONDI JUNCTION","NSW","2022","14.99","3.99","0","-3.99","0","0","0","-8.40","0","0","6.59"
"16 Nov 2025 7:32:48 am GMT+9","12187095163","Order","250-5803712-0287022","NLK-CSH-Sklt-22","12"" Cast Iron Pan – Heavy-Duty cast Iron Skillet and Deep Frying Pans (2.5"" Deep) – Pre-Seasoned Nonstick Surface for Searing, Baking, Sautéing �","1","amazon.com.au","Amazon","LUTWYCHE","QLD","4030","40.21","0","0","0","0","0","0","-11.20","0","0","29.01"
"16 Nov 2025 8:44:32 am GMT+9","12187095163","Order","250-6409842-7291861","CCF-CSH-RlngPin","Stainless Steel Rolling Pin for Baking – Heavy-Duty Dough Rolling pin for Pizza, Cookies & Pastry | Non-Stick, Easy to Clean, Kitchen Essential","1","amazon.com.au","Amazon","BELROSE","NSW","2085","15.97","0","0","0","0","0","0","-8.40","0","0","7.57"
"16 Nov 2025 11:01:45 am GMT+9","12187095163","Order","249-7529944-6492616","NLK-CSH-Sklt-22","12"" Cast Iron Pan – Heavy-Duty cast Iron Skillet and Deep Frying Pans (2.5"" Deep) – Pre-Seasoned Nonstick Surface for Searing, Baking, Sautéing �","1","amazon.com.au","Amazon","CRAIGMORE","SA","5114","40.21","0","0","0","0","0","0","-11.20","0","0","29.01"
"16 Nov 2025 3:02:39 pm GMT+9","12187095163","Refund","503-0714051-0906268","CCF-CSH2-AlShtPnBkRk-HlfTwn","Stainless Steel Baking Tray and Rack Set – 2 Half Sheet Oven Trays with 2 Cooling Racks for Oven, Durable Bakeware for Baking, Cooking, Grilling, an","1","amazon.com.au","Amazon","BERWICK","VIC","3806","-50.21","-9.99","0","9.99","0","0","5.22","0","0","0","-44.99"
"16 Nov 2025 6:00:26 pm GMT+9","12187095163","Order","503-9221355-7006213","CCF-CSH-MzlnaChprCtngBrd2","Mezzaluna Chopper with Cutting Board Set – Sharp Mezzaluna Knife, Sturdy Chopping Board & Protective Cover – Designed for Quick Herb & Veggie Prep","1","amazon.com.au","Amazon","RESERVOIR","VIC","3073","23.99","0","0","0","0","0","0","-10.65","0","0","13.34"
"17 Nov 2025 1:44:31 am GMT+9","12187095163","Order","250-8155743-0862223","6T-GX3J-KT8G","Meat Tenderiser Hammer – Heavy Duty Meat Mallet for Tenderizing Steak, Chicken, Beef & More – Double-Sided Tool with Comfortable Handle for Home K","1","amazon.com.au","Amazon","Colebee","NSW","2761","14.99","0","0","0","0","0","0","-8.40","0","0","6.59"
"17 Nov 2025 3:11:33 am GMT+9","12187095163","Order","250-5214559-8556631","CCF-CSH-DghScrpr2","Stainless Steel Dough Scraper with Cover – Versatile Kitchen Tool, Heavy-Duty Bench Scraper & Dough Cutter for Baking, Cooking, Pastry, and Bread Pr","1","amazon.com.au","Amazon","UPPER COOMERA","QLD","4209","9.99","1.60","0","-1.60","0","0","0","-6.72","0","0","3.27"
"17 Nov 2025 3:38:48 am GMT+9","12187095163","Order","249-6026264-5623027","CCF-CSH-PltcCtngBrd","Plastic Cutting Board – Reversible Chopping Board with Juice Groove, Flexible Cutting Mat Style, Dishwasher Safe, White/Black","1","amazon.com.au","Amazon","CENTENNIAL PARK","NSW","2021","19.49","2.50","0","-2.50","0","0","0","-10.14","0","0","9.35"
"17 Nov 2025 3:55:01 am GMT+9","12187095163","Order","249-4329560-4144669","CCF-CSH-DghScrpr2","Stainless Steel Dough Scraper with Cover – Versatile Kitchen Tool, Heavy-Duty Bench Scraper & Dough Cutter for Baking, Cooking, Pastry, and Bread Pr","1","amazon.com.au","Amazon","ERSKINEVILLE","NSW","2043","9.99","0","0","0","0","0","0","-6.72","0","0","3.27"
"17 Nov 2025 6:05:34 am GMT+9","12187095163","Order","503-0900853-3785452","CCF-CSH-BkRkHlf2-2pk","Cooling and Roasting Rack Set - 2 Pack Stainless Steel Cooling Racks for Cooking and Baking, 30 x 43cm Oven-Safe Baking Racks, Heavy-Duty Oven Rack fo","1","amazon.com.au","Amazon","MOUNT PLEASANT","WA","6153","31.96","0","0","0","0","0","0","-10.14","0","0","21.82"
"17 Nov 2025 7:26:17 am GMT+9","12187095163","Order","503-8384597-3871044","CCF-CSH-RlngPin","Stainless Steel Rolling Pin for Baking – Heavy-Duty Dough Rolling pin for Pizza, Cookies & Pastry | Non-Stick, Easy to Clean, Kitchen Essential","1","amazon.com.au","Amazon","St Ives","NSW","2075","15.97","0","0","0","0","0","0","-8.40","0","0","7.57"
"17 Nov 2025 8:52:12 am GMT+9","12187095163","Order","249-8861066-9238268","NLK-CSH-DcntGlsSet-Hbt","Whisky Decanter (750ml) and Whiskey Glasses(300ml) Hobart, Wine Decanter for Scotch, Bourbon, Whisky, Elegant Holiday Whiskey Gifts for Men and Women","1","amazon.com.au","Amazon","HARKNESS","VIC","3337","40.99","0","0","0","0","0","0","-15.91","0","0","25.08"
"17 Nov 2025 2:18:00 pm GMT+9","12187095163","Order","503-0112747-8717458","CCF-CSH2-AlShtPnBkRk-HlfTwn","Stainless Steel Baking Tray and Rack Set – 2 Half Sheet Oven Trays with 2 Cooling Racks for Oven, Durable Bakeware for Baking, Cooking, Grilling, an","1","amazon.com.au","Amazon","Eumundi","QLD","4562","50.21","0","0","0","0","0","0","-14.34","0","0","35.87"
"17 Nov 2025 4:17:10 pm GMT+9","12187095163","Order","503-6183051-2196622","NLK-CSH-Sklt-22","12"" Cast Iron Pan – Heavy-Duty cast Iron Skillet and Deep Frying Pans (2.5"" Deep) – Pre-Seasoned Nonstick Surface for Searing, Baking, Sautéing �","1","amazon.com.au","Amazon","MINDARIE","WA","6030","45.99","0","0","0","0","0","0","-11.20","0","0","34.79"
"17 Nov 2025 9:44:52 pm GMT+9","12187095163","Order","250-4444919-2216659","CCF-CSH-BkRkHlf2-2pk","Cooling and Roasting Rack Set - 2 Pack Stainless Steel Cooling Racks for Cooking and Baking, 30 x 43cm Oven-Safe Baking Racks, Heavy-Duty Oven Rack fo","1","amazon.com.au","Amazon","Skye","Victoria","3977","31.96","0","0","0","0","0","0","-10.14","0","0","21.82"
"17 Nov 2025 10:00:10 pm GMT+9","12187095163","Adjustment","","6T-GX3J-KT8G","FBA Inventory Reimbursement - Damaged:Warehouse","1","","","","","","0","0","0","0","0","0","0","0","0","5.40","5.40"
"17 Nov 2025 10:08:05 pm GMT+9","12187095163","Order","249-1490623-9794265","NLK-CSH-Sklt-22","12"" Cast Iron Pan – Heavy-Duty cast Iron Skillet and Deep Frying Pans (2.5"" Deep) – Pre-Seasoned Nonstick Surface for Searing, Baking, Sautéing �","1","amazon.com.au","Amazon","Westbourne Park","South Australia","5041","45.99","0","0","0","0","0","0","-11.20","0","0","34.79"
"18 Nov 2025 12:26:03 am GMT+9","12187095163","Order","503-3893773-6804611","CCF-CSH-PzaPel-Xl","Extra Large Pizza Peel with Folding Handle – Heavy-Duty Stainless Steel Pizza Paddle for Effortless Transfer, Perfect Pizza Turning Peel for Outdoor","1","amazon.com.au","Amazon","STANMORE","NSW","2048","32.00","0","0","0","0","0","0","-10.65","0","0","21.35"
"18 Nov 2025 12:58:39 am GMT+9","12187095163","Order","249-9222016-9027045","CCF-CSH-RlngPin","Stainless Steel Rolling Pin for Baking – Heavy-Duty Dough Rolling pin for Pizza, Cookies & Pastry | Non-Stick, Easy to Clean, Kitchen Essential","1","amazon.com.au","Amazon","VARSITY LAKES","QLD","4227","15.97","0","0","0","0","0","0","-8.40","0","0","7.57"
"18 Nov 2025 4:49:18 am GMT+9","12187095163","Order","503-2606535-1230265","CCF-CSH-PzaPel","Large Pizza Peel with Folding Handle – Durable Stainless Steel Pizza Paddle for Easy Transfer, Perfect Pizza Turning Peel for Outdoor Pizza Ovens an","1","amazon.com.au","Amazon","KADINA","SA","5554","22.41","0","0","0","0","0","0","-10.65","0","0","11.76"
"18 Nov 2025 6:08:49 am GMT+9","12187095163","Order","250-9956805-6655032","CCF-CSH-PrPzaCtr","Heavy Duty Pizza Cutter Rocker Blade with Cover – Premium Stainless Steel Pizza Slicer with Protective Sheath, Ergonomic Non-Slip Handle, Dishwasher","1","amazon.com.au","Amazon","Wilberforce","NSW","2756","17.99","0","0","0","0","0","0","-8.40","0","0","9.59"
"18 Nov 2025 8:49:37 am GMT+9","12187095163","Order","503-7923294-3079059","CCF-CSH2-AlShtPnBkRk-HlfTwn","Stainless Steel Baking Tray and Rack Set – 2 Half Sheet Oven Trays with 2 Cooling Racks for Oven, Durable Bakeware for Baking, Cooking, Grilling, an","1","amazon.com.au","Amazon","Pakenham","VIC","3810","50.21","0","0","0","0","0","0","-14.34","0","0","35.87"
"18 Nov 2025 9:09:39 am GMT+9","12187095163","Order","250-7493972-9218249","CCF-CSH-RlngPin","Stainless Steel Rolling Pin for Baking – Heavy-Duty Dough Rolling pin for Pizza, Cookies & Pastry | Non-Stick, Easy to Clean, Kitchen Essential","1","amazon.com.au","Amazon","BALDIVIS","WA","6171","15.97","0","0","0","0","0","0","-8.40","0","0","7.57"
"18 Nov 2025 10:49:16 am GMT+9","12187095163","Order","503-4572906-4131851","CCF-CSH-RlngPin","Stainless Steel Rolling Pin for Baking – Heavy-Duty Dough Rolling pin for Pizza, Cookies & Pastry | Non-Stick, Easy to Clean, Kitchen Essential","1","amazon.com.au","Amazon","MONTROSE","VIC","3765","15.97","0","0","0","0","0","0","-8.40","0","0","7.57"
"18 Nov 2025 10:04:46 pm GMT+9","12187095163","Order","503-1132838-3494220","CCF-CSH-BkRkHlf2-2pk","Cooling and Roasting Rack Set - 2 Pack Stainless Steel Cooling Racks for Cooking and Baking, 30 x 43cm Oven-Safe Baking Racks, Heavy-Duty Oven Rack fo","1","amazon.com.au","Amazon","YARRAVILLE","VIC","3013","31.96","0","0","0","0","0","0","-10.14","0","0","21.82"
"18 Nov 2025 11:40:37 pm GMT+9","12187095163","Order","250-8687473-4657433","CCF-CSH-BkRkHlf2-2pk","Cooling and Roasting Rack Set - 2 Pack Stainless Steel Cooling Racks for Cooking and Baking, 30 x 43cm Oven-Safe Baking Racks, Heavy-Duty Oven Rack fo","1","amazon.com.au","Amazon","Mango Hill","Qld","4509","31.96","0","0","0","0","0","0","-10.14","0","0","21.82"
"19 Nov 2025 7:29:57 am GMT+9","12187095163","Order","249-8948506-9957427","NLK-CSH-Sklt-22","12"" Cast Iron Pan – Heavy-Duty cast Iron Skillet and Deep Frying Pans (2.5"" Deep) – Pre-Seasoned Nonstick Surface for Searing, Baking, Sautéing �","1","amazon.com.au","Amazon","BLIGH PARK","NSW","2756","45.99","0","0","0","0","0","0","-11.20","0","0","34.79"
"19 Nov 2025 7:58:16 am GMT+9","12187095163","Order","249-6893197-8825417","CCF-CSH1-PzaCtr-L14","Pizza Cutter Rocker Blade 14"" - Sharp Stainless Steel Rocker Knife with Plastic Blade Sheath, Dishwasher Safe, Outdoor Pizza Oven Accessories (14 inch","1","amazon.com.au","Amazon","GLENWOOD","NSW","2768","17.99","0","0","0","0","0","0","-8.40","0","0","9.59"
"19 Nov 2025 8:42:47 am GMT+9","12187095163","Order","503-5294070-6599040","NLK-CSH-Sklt-22","12"" Cast Iron Pan – Heavy-Duty cast Iron Skillet and Deep Frying Pans (2.5"" Deep) – Pre-Seasoned Nonstick Surface for Searing, Baking, Sautéing �","1","amazon.com.au","Amazon","GLEN HUNTLY","VIC","3163","45.99","2.67","0","-2.67","0","0","0","-11.20","0","0","34.79"
"19 Nov 2025 8:51:55 am GMT+9","12187095163","Order","503-5222527-5899828","CCF-CSH-DghScrpr2","Stainless Steel Dough Scraper with Cover – Versatile Kitchen Tool, Heavy-Duty Bench Scraper & Dough Cutter for Baking, Cooking, Pastry, and Bread Pr","1","amazon.com.au","Amazon","Point Cook","Victoria","3030","9.99","0","0","0","0","0","0","-6.72","0","0","3.27"
"19 Nov 2025 8:52:36 am GMT+9","12187095163","Order","503-4296863-8134259","CCF-CSH4-AlShtPnBkRk-HlfTwn","Stainless Steel Baking Tray with Cooling Rack – 1 Quarter Sheet Oven Tray and 1 Wire Rack for Oven, Durable Bakeware for Baking, Cooking, Grilling,","1","amazon.com.au","Amazon","MARAYLYA","NSW","2765","34.99","4.99","0","-4.99","0","0","0","-10.14","0","0","24.85"
"19 Nov 2025 8:21:25 pm GMT+9","12187095163","Order","249-4078041-9300628","CCF-CSH-BkRkHlf2-2pk","Cooling and Roasting Rack Set - 2 Pack Stainless Steel Cooling Racks for Cooking and Baking, 30 x 43cm Oven-Safe Baking Racks, Heavy-Duty Oven Rack fo","1","amazon.com.au","Amazon","BELLBIRD PARK","QLD","4300","31.96","0","0","0","0","0","0","-10.14","0","0","21.82"
"19 Nov 2025 10:05:46 pm GMT+9","12187095163","Order","250-3395455-5189408","CCF-CSH1-PzaCtr-L14","Pizza Cutter Rocker Blade 14"" - Sharp Stainless Steel Rocker Knife with Plastic Blade Sheath, Dishwasher Safe, Outdoor Pizza Oven Accessories (14 inch","1","amazon.com.au","Amazon","KANGAROO GROUND","VIC","3097","17.99","0","0","0","0","0","0","-8.40","0","0","9.59"
"20 Nov 2025 7:51:29 am GMT+9","12187095163","Order","249-9918601-3422265","CCF-CSH-IceCrmScp","Durable Ice Cream Scoop with Ergonomic Handle – Heavy-Duty Aluminium Icecream Scoop for Effortless Serving of Frozen Desserts, Sorbet, Gelato & More","1","amazon.com.au","Amazon","BONNYRIGG HEIGHTS","NSW","2177","9.99","1.60","0","-1.60","0","0","0","-6.46","0","0","3.53"
"20 Nov 2025 8:46:48 am GMT+9","12187095163","Order","249-4024055-5703024","CCF-CSH-PltcCtngBrd","Plastic Cutting Board – Reversible Chopping Board with Juice Groove, Flexible Cutting Mat Style, Dishwasher Safe, White/Black","1","amazon.com.au","Amazon","BULLEEN","VIC","3105","19.49","0","0","0","0","0","0","-10.14","0","0","9.35"
"20 Nov 2025 10:34:23 am GMT+9","12187095163","Order","503-6213213-9007842","CCF-CSH-BkRkHlf2-2pk","Cooling and Roasting Rack Set - 2 Pack Stainless Steel Cooling Racks for Cooking and Baking, 30 x 43cm Oven-Safe Baking Racks, Heavy-Duty Oven Rack fo","2","amazon.com.au","Amazon","BUNYA","QLD","4055","63.92","0","0","0","0","0","0","-20.28","0","0","43.64"
"20 Nov 2025 10:56:12 am GMT+9","12187095163","Service fee","","","Cost of advertising","","","","","","","0","0","0","0","0","0","0","0","-500.58","0","-500.58"
"20 Nov 2025 11:13:23 am GMT+9","12187095163","Order","250-8987541-8209447","N9-I4FJ-SD05","3-Tier Ceramic Cupcake Holder, Cake Stand Holder, Tiered DIY Cupcake Stand Tower for Dessert Table Displays, Birthday Theme Party Favors Decoration, F","1","amazon.com.au","Amazon","Sydney","NSW","2065","17.99","0","0","0","0","0","0","-11.78","0","0","6.21"
"20 Nov 2025 12:21:01 pm GMT+9","12187095163","Order","503-4321801-4100618","CCF-CSH-RlngPin","Stainless Steel Rolling Pin for Baking – Heavy-Duty Dough Rolling pin for Pizza, Cookies & Pastry | Non-Stick, Easy to Clean, Kitchen Essential","1","amazon.com.au","Amazon","SUMMER HILL","NSW","2130","15.97","0","0","0","0","0","0","-8.40","0","0","7.57"
"20 Nov 2025 1:06:45 pm GMT+9","12187095163","Order","503-8004499-7807061","CCF-CSH-RlngPin","Stainless Steel Rolling Pin for Baking – Heavy-Duty Dough Rolling pin for Pizza, Cookies & Pastry | Non-Stick, Easy to Clean, Kitchen Essential","1","amazon.com.au","Amazon","Ashtonfield","NSW","2323","15.97","8.99","0","-8.99","0","0","0","-8.40","0","0","7.57"
"20 Nov 2025 10:44:54 pm GMT+9","12187095163","Order","249-7685959-3274200","CCF-CSH-RlngPin","Stainless Steel Rolling Pin for Baking – Heavy-Duty Dough Rolling pin for Pizza, Cookies & Pastry | Non-Stick, Easy to Clean, Kitchen Essential","1","amazon.com.au","Amazon","PORT MELBOURNE","VIC","3207","15.97","0","0","0","0","0","0","-8.40","0","0","7.57"
"20 Nov 2025 11:04:03 pm GMT+9","12187095163","Order","250-7660150-6892620","CCF-CSH-RlngPin","Stainless Steel Rolling Pin for Baking – Heavy-Duty Dough Rolling pin for Pizza, Cookies & Pastry | Non-Stick, Easy to Clean, Kitchen Essential","1","amazon.com.au","Amazon","WEDGEFIELD","WA","6721","15.97","0","0","0","0","0","0","-8.40","0","0","7.57"
"21 Nov 2025 12:14:59 am GMT+9","12187095163","Order","250-4013769-7610249","N9-I4FJ-SD05","3-Tier Ceramic Cupcake Holder, Cake Stand Holder, Tiered DIY Cupcake Stand Tower for Dessert Table Displays, Birthday Theme Party Favors Decoration, F","2","amazon.com.au","Amazon","BLIGH PARK","NSW","2756","35.98","0","0","0","0","0","0","-23.56","0","0","12.42"
"21 Nov 2025 2:38:23 am GMT+9","12187095163","Order","503-4971820-7284645","CCF-CSH-PltcCtngBrd","Plastic Cutting Board – Reversible Chopping Board with Juice Groove, Flexible Cutting Mat Style, Dishwasher Safe, White/Black","1","amazon.com.au","Amazon","WOOLOOWARE","NSW","2230","19.49","0.77","0","-0.77","0","0","0","-10.14","0","0","9.35"
"21 Nov 2025 5:19:06 am GMT+9","12187095163","Order","250-7048880-7581466","CCF-CSH4-AlShtPnBkRk-HlfTwn","Stainless Steel Baking Tray with Cooling Rack – 1 Quarter Sheet Oven Tray and 1 Wire Rack for Oven, Durable Bakeware for Baking, Cooking, Grilling,","1","amazon.com.au","Amazon","Berwick","VIC","3806","34.99","0","0","0","0","0","0","-10.14","0","0","24.85"
"21 Nov 2025 5:25:34 am GMT+9","12187095163","Order","250-3776582-1039834","CCF-CSH2-AlShtPnBkRk-HlfTwn","Stainless Steel Baking Tray and Rack Set – 2 Half Sheet Oven Trays with 2 Cooling Racks for Oven, Durable Bakeware for Baking, Cooking, Grilling, an","1","amazon.com.au","Amazon","THE GAP","QLD","4061","50.21","0","0","0","0","0","0","-14.34","0","0","35.87"
"21 Nov 2025 11:56:01 am GMT+9","12187095163","Order","503-9117290-4317428","N9-I4FJ-SD05","3-Tier Ceramic Cupcake Holder, Cake Stand Holder, Tiered DIY Cupcake Stand Tower for Dessert Table Displays, Birthday Theme Party Favors Decoration, F","1","amazon.com.au","Amazon","DONVALE","VIC","3111","17.99","0","0","0","0","0","0","-11.78","0","0","6.21"
"21 Nov 2025 6:01:37 pm GMT+9","12187095163","Order","250-4251702-4706216","CCF-CSH-PrPzaCtr","Heavy Duty Pizza Cutter Rocker Blade with Cover – Premium Stainless Steel Pizza Slicer with Protective Sheath, Ergonomic Non-Slip Handle, Dishwasher","1","amazon.com.au","Amazon","FLETCHER","NSW","2287","17.99","0","0","0","0","0","0","-8.40","0","0","9.59"
"21 Nov 2025 7:23:04 pm GMT+9","12187095163","Order","249-3488348-1744664","6T-GX3J-KT8G","Meat Tenderiser Hammer – Heavy Duty Meat Mallet for Tenderizing Steak, Chicken, Beef & More – Double-Sided Tool with Comfortable Handle for Home K","1","amazon.com.au","Amazon","MIDDLE SWAN","WA","6056","14.99","0","0","0","0","0","0","-8.40","0","0","6.59"
"21 Nov 2025 11:21:22 pm GMT+9","12187095163","Order","249-4995019-1829412","N9-I4FJ-SD05","3-Tier Ceramic Cupcake Holder, Cake Stand Holder, Tiered DIY Cupcake Stand Tower for Dessert Table Displays, Birthday Theme Party Favors Decoration, F","1","amazon.com.au","Amazon","MAUDSLAND","QLD","4210","17.99","0","0","0","0","0","0","-11.78","0","0","6.21"
"21 Nov 2025 11:21:22 pm GMT+9","12187095163","Order","249-4995019-1829412","N9-I4FJ-SD05","3-Tier Ceramic Cupcake Holder, Cake Stand Holder, Tiered DIY Cupcake Stand Tower for Dessert Table Displays, Birthday Theme Party Favors Decoration, F","1","amazon.com.au","Amazon","MAUDSLAND","QLD","4210","17.99","0","0","0","0","0","0","-11.78","0","0","6.21"
"21 Nov 2025 11:32:43 pm GMT+9","12187095163","Order","503-1670064-3505464","CCF-CSH-DghScrpr2","Stainless Steel Dough Scraper with Cover – Versatile Kitchen Tool, Heavy-Duty Bench Scraper & Dough Cutter for Baking, Cooking, Pastry, and Bread Pr","1","amazon.com.au","Amazon","SPRINGFIELD LAKES","QLD","4300","9.99","0","0","0","0","0","0","-6.72","0","0","3.27"
"21 Nov 2025 11:54:08 pm GMT+9","12187095163","Order","249-5205164-4010226","N9-I4FJ-SD05","3-Tier Ceramic Cupcake Holder, Cake Stand Holder, Tiered DIY Cupcake Stand Tower for Dessert Table Displays, Birthday Theme Party Favors Decoration, F","1","amazon.com.au","Amazon","Neutral Bay","NSW","2089","17.99","0","0","0","0","0","0","-11.78","0","0","6.21"
"22 Nov 2025 4:13:23 am GMT+9","12187095163","Order","503-5258339-3192603","CCF-CSH-PzaPel","Large Pizza Peel with Folding Handle – Durable Stainless Steel Pizza Paddle for Easy Transfer, Perfect Pizza Turning Peel for Outdoor Pizza Ovens an","1","amazon.com.au","Amazon","GLADESVILLE","NSW","2111","22.41","0","0","0","0","0","0","-10.65","0","0","11.76"
"22 Nov 2025 5:06:21 am GMT+9","12187095163","Order","503-4798060-1655037","NLK-CSH-Sklt-22","12"" Cast Iron Pan – Heavy-Duty cast Iron Skillet and Deep Frying Pans (2.5"" Deep) – Pre-Seasoned Nonstick Surface for Searing, Baking, Sautéing �","1","amazon.com.au","Amazon","Langwarrin","Victoria","3910","40.21","0","0","0","0","0","0","-11.20","0","0","29.01"
"22 Nov 2025 8:08:08 am GMT+9","12187095163","Order","249-5777850-2496615","NLK-CSH-Sklt-22","12"" Cast Iron Pan – Heavy-Duty cast Iron Skillet and Deep Frying Pans (2.5"" Deep) – Pre-Seasoned Nonstick Surface for Searing, Baking, Sautéing �","1","amazon.com.au","Amazon","Russell Lea","NSW","2046","40.21","2.67","0","-2.67","0","0","0","-11.20","0","0","29.01"
"22 Nov 2025 8:34:22 am GMT+9","12187095163","Order","250-7657280-5529404","6T-GX3J-KT8G","Meat Tenderiser Hammer – Heavy Duty Meat Mallet for Tenderizing Steak, Chicken, Beef & More – Double-Sided Tool with Comfortable Handle for Home K","1","amazon.com.au","Amazon","HAMPTON PARK","VIC","3976","14.99","2.66","0","0","0","0","0","-11.06","0","0","6.59"
"22 Nov 2025 8:40:31 am GMT+9","12187095163","Refund","503-5258339-3192603","CCF-CSH-PzaPel","Large Pizza Peel with Folding Handle – Durable Stainless Steel Pizza Paddle for Easy Transfer, Perfect Pizza Turning Peel for Outdoor Pizza Ovens an","1","amazon.com.au","Amazon","GLADESVILLE","NSW","2111","-22.41","0","0","0","0","0","0","0","0","0","-22.41"
"22 Nov 2025 11:08:58 am GMT+9","12187095163","Order","249-3694409-1028621","CCF-CSH-TstrPn5pcs","5-Piece Nonstick Bakeware Set for Toaster & Convection Ovens – Includes Baking Trays, Cooling Rack & Silicone Mats – Compact Baking Tray Set for S","1","amazon.com.au","Amazon","BULLEEN","VIC","3105","24.99","2.00","0","-2.00","0","0","0","-9.12","0","0","15.87"
"22 Nov 2025 7:56:47 pm GMT+9","12187095163","Order","249-2433559-3325456","CCF-CSH-RlngPin","Stainless Steel Rolling Pin for Baking – Heavy-Duty Dough Rolling pin for Pizza, Cookies & Pastry | Non-Stick, Easy to Clean, Kitchen Essential","1","amazon.com.au","Amazon","BATEAU BAY","NSW","2261","15.97","0","0","0","0","0","0","-8.40","0","0","7.57"
"22 Nov 2025 9:42:53 pm GMT+9","12187095163","Order","249-7619316-9475020","NLK-CSH-Sklt-22","12"" Cast Iron Pan – Heavy-Duty cast Iron Skillet and Deep Frying Pans (2.5"" Deep) – Pre-Seasoned Nonstick Surface for Searing, Baking, Sautéing �","1","amazon.com.au","Amazon","LITTLE BAY","NSW","2036","40.21","7.99","0","0","0","0","0","-19.19","0","0","29.01"
"23 Nov 2025 12:11:58 am GMT+9","12187095163","Order","249-0731947-7803033","6T-GX3J-KT8G","Meat Tenderiser Hammer – Heavy Duty Meat Mallet for Tenderizing Steak, Chicken, Beef & More – Double-Sided Tool with Comfortable Handle for Home K","1","amazon.com.au","Amazon","PEAKHURST","NSW","2210","14.99","1.67","0","-1.67","0","0","0","-8.40","0","0","6.59"
"23 Nov 2025 2:33:50 am GMT+9","12187095163","Order","249-5034760-8771822","CCF-CSH-RlngPin","Stainless Steel Rolling Pin for Baking – Heavy-Duty Dough Rolling pin for Pizza, Cookies & Pastry | Non-Stick, Easy to Clean, Kitchen Essential","1","amazon.com.au","Amazon","GLASS HOUSE MOUNTAINS","QLD","4518","15.97","0","0","0","0","0","0","-8.40","0","0","7.57"
"23 Nov 2025 7:11:37 am GMT+9","12187095163","Order","249-2657951-6875033","CCF-CSH-TstrPn5pcs","5-Piece Nonstick Bakeware Set for Toaster & Convection Ovens – Includes Baking Trays, Cooling Rack & Silicone Mats – Compact Baking Tray Set for S","1","amazon.com.au","Amazon","SEAFORD","VIC","3198","24.99","0","0","0","0","0","0","-9.12","0","0","15.87"
"24 Nov 2025 4:18:20 am GMT+9","12187095163","Order","249-2646821-9851802","CCF-CSH-PzaPel","Large Pizza Peel with Folding Handle – Durable Stainless Steel Pizza Paddle for Easy Transfer, Perfect Pizza Turning Peel for Outdoor Pizza Ovens an","1","amazon.com.au","Amazon","ASCOT PARK","SA","5043","22.41","0","0","0","0","0","0","-10.65","0","0","11.76"
"24 Nov 2025 4:26:23 am GMT+9","12187095163","Order","250-6622355-0204667","CCF-CSH-PzaPel-Xl","Extra Large Pizza Peel with Folding Handle – Heavy-Duty Stainless Steel Pizza Paddle for Effortless Transfer, Perfect Pizza Turning Peel for Outdoor","1","amazon.com.au","Amazon","BRIAR HILL","VIC","3088","32.00","0","0","0","0","0","-2.09","-10.65","0","0","19.26"
"24 Nov 2025 7:20:45 am GMT+9","12187095163","Order","250-0120354-8731804","CCF-CSH-BkRkHlf2-2pk","Cooling and Roasting Rack Set - 2 Pack Stainless Steel Cooling Racks for Cooking and Baking, 30 x 43cm Oven-Safe Baking Racks, Heavy-Duty Oven Rack fo","1","amazon.com.au","Amazon","AUCKLAND","","06","29.05","5.96","0","-5.96","4.36","-4.36","0","-10.14","0","0","18.91"
"24 Nov 2025 7:27:07 am GMT+9","12187095163","Order","250-6892678-9837419","CCF-CSH-SlUtensl5pcs","5-Piece Silicone Kitchen Utensil Set – Premium BPA-Free Cooking Tools & Gadgets for Nonstick Cookware – Dishwasher Safe & Durable","1","amazon.com.au","Amazon","COPACABANA","NSW","2251","19.99","0","0","0","0","0","0","-10.65","0","0","9.34"
"24 Nov 2025 4:46:37 pm GMT+9","12187095163","Order","250-8059337-3762226","CCF-CSH1-PzaCtr-L14","Pizza Cutter Rocker Blade 14"" - Sharp Stainless Steel Rocker Knife with Plastic Blade Sheath, Dishwasher Safe, Outdoor Pizza Oven Accessories (14 inch","2","amazon.com.au","Amazon","Highton","VIC","3216","35.98","0","0","0","0","0","-4.68","-16.81","0","0","14.49"
"24 Nov 2025 9:37:31 pm GMT+9","12187095163","Order","249-2520556-3074260","CCF-CSH-IceCrmScp","Durable Ice Cream Scoop with Ergonomic Handle – Heavy-Duty Aluminium Icecream Scoop for Effortless Serving of Frozen Desserts, Sorbet, Gelato & More","1","amazon.com.au","Amazon","CAULFIELD NORTH","VIC","3161","9.99","0","0","0","0","0","-1.30","-6.46","0","0","2.23"
"24 Nov 2025 9:57:18 pm GMT+9","12187095163","Order","250-3213306-4455855","CCF-CSH-DghScrpr2","Stainless Steel Dough Scraper with Cover – Versatile Kitchen Tool, Heavy-Duty Bench Scraper & Dough Cutter for Baking, Cooking, Pastry, and Bread Pr","1","amazon.com.au","Amazon","BASSENDEAN","WA","6054","9.99","5.00","0","-5.00","0","0","-1.30","-6.72","0","0","1.97"
"24 Nov 2025 11:01:35 pm GMT+9","12187095163","Order","250-2707092-5842209","NLK-CSH-Sklt-22","12"" Cast Iron Pan – Heavy-Duty cast Iron Skillet and Deep Frying Pans (2.5"" Deep) – Pre-Seasoned Nonstick Surface for Searing, Baking, Sautéing �","1","amazon.com.au","Amazon","Brisbane","Qld","4300","40.21","0","0","0","0","0","-5.23","-11.20","0","0","23.78"
"24 Nov 2025 11:49:29 pm GMT+9","12187095163","Order","503-3551445-6409463","NLK-CSH-Sklt-22","12"" Cast Iron Pan – Heavy-Duty cast Iron Skillet and Deep Frying Pans (2.5"" Deep) – Pre-Seasoned Nonstick Surface for Searing, Baking, Sautéing �","3","amazon.com.au","Amazon","LAVERTON","VIC","3028","120.63","0","0","0","0","0","0","-33.59","0","0","87.04"
"25 Nov 2025 2:00:45 am GMT+9","12187095163","Order","250-1693959-9614260","CCF-CSH-DghScrpr2","Stainless Steel Dough Scraper with Cover – Versatile Kitchen Tool, Heavy-Duty Bench Scraper & Dough Cutter for Baking, Cooking, Pastry, and Bread Pr","1","amazon.com.au","Amazon","LARA","VIC","3212","9.99","3.00","0","-3.00","0","0","-1.30","-6.72","0","0","1.97"
"25 Nov 2025 2:04:56 am GMT+9","12187095163","Order","503-6694832-0137450","CCF-CSH-DghScrpr2","Stainless Steel Dough Scraper with Cover – Versatile Kitchen Tool, Heavy-Duty Bench Scraper & Dough Cutter for Baking, Cooking, Pastry, and Bread Pr","2","amazon.com.au","Amazon","CROYDON PARK","NSW","2133","19.98","7.99","0","0","0","0","-2.60","-21.43","0","0","3.94"
"25 Nov 2025 2:19:33 am GMT+9","12187095163","Order","503-2291629-8500602","CCF-CSH-PrPzaCtr","Heavy Duty Pizza Cutter Rocker Blade with Cover – Premium Stainless Steel Pizza Slicer with Protective Sheath, Ergonomic Non-Slip Handle, Dishwasher","1","amazon.com.au","Amazon","STANTHORPE","QLD","4380","17.99","0","0","0","0","0","0","-8.40","0","0","9.59"
"25 Nov 2025 3:41:32 am GMT+9","12187095163","Order","250-0197239-2192602","CCF-CSH-PzaPel","Large Pizza Peel with Folding Handle – Durable Stainless Steel Pizza Paddle for Easy Transfer, Perfect Pizza Turning Peel for Outdoor Pizza Ovens an","1","amazon.com.au","Amazon","WYNNUM WEST","QLD","4178","22.41","0","0","0","0","0","-2.91","-10.65","0","0","8.85"
"25 Nov 2025 5:36:33 am GMT+9","12187095163","Order","250-3264566-2011805","CCF-CSH-PzaPel","Large Pizza Peel with Folding Handle – Durable Stainless Steel Pizza Paddle for Easy Transfer, Perfect Pizza Turning Peel for Outdoor Pizza Ovens an","1","amazon.com.au","Amazon","BRIAR HILL","VIC","3088","22.41","0","0","0","0","0","-2.91","-10.65","0","0","8.85"
"25 Nov 2025 6:29:20 am GMT+9","12187095163","Order","503-3691445-7814201","CCF-CSH2-AlShtPnBkRk-HlfTwn","Stainless Steel Baking Tray and Rack Set – 2 Half Sheet Oven Trays with 2 Cooling Racks for Oven, Durable Bakeware for Baking, Cooking, Grilling, an","1","amazon.com.au","Amazon","BALACLAVA","Victoria","3183","50.21","9.99","0","-9.99","0","0","-6.53","-14.34","0","0","29.34"
"25 Nov 2025 9:33:18 am GMT+9","12187095163","Order","503-5878426-4856660","N9-I4FJ-SD05","3-Tier Ceramic Cupcake Holder, Cake Stand Holder, Tiered DIY Cupcake Stand Tower for Dessert Table Displays, Birthday Theme Party Favors Decoration, F","2","amazon.com.au","Amazon","RIDDELLS CREEK","VIC","3431","35.98","0","0","0","0","0","-4.68","-23.56","0","0","7.74"
"25 Nov 2025 12:04:24 pm GMT+9","12187095163","Order","250-9418541-3135835","NLK-CSH-Sklt-22","12"" Cast Iron Pan – Heavy-Duty cast Iron Skillet and Deep Frying Pans (2.5"" Deep) – Pre-Seasoned Nonstick Surface for Searing, Baking, Sautéing �","1","amazon.com.au","Amazon","YAGOONA","NSW","2199","40.21","0","0","0","0","0","-5.23","-11.20","0","0","23.78"
"25 Nov 2025 6:05:04 pm GMT+9","12187095163","Order","249-3529852-0411026","CCF-CSH-RlngPin","Stainless Steel Rolling Pin for Baking – Heavy-Duty Dough Rolling pin for Pizza, Cookies & Pastry | Non-Stick, Easy to Clean, Kitchen Essential","1","amazon.com.au","Amazon","MEDOWIE","NSW","2318","15.97","0","0","0","0","0","-2.08","-8.40","0","0","5.49"
"25 Nov 2025 11:17:04 pm GMT+9","12187095163","Order","249-7343568-4731814","CCF-CSH4-AlShtPnBkRk-HlfTwn","Stainless Steel Baking Tray with Cooling Rack – 1 Quarter Sheet Oven Tray and 1 Wire Rack for Oven, Durable Bakeware for Baking, Cooking, Grilling,","1","amazon.com.au","Amazon","Goolwa","SA","5214","34.99","3.00","0","-3.00","0","0","0","-10.14","0","0","24.85"
"26 Nov 2025 12:59:48 am GMT+9","12187095163","Order","503-8740750-4257423","CCF-CSH-PzaPel-Xl","Extra Large Pizza Peel with Folding Handle – Heavy-Duty Stainless Steel Pizza Paddle for Effortless Transfer, Perfect Pizza Turning Peel for Outdoor","1","amazon.com.au","Amazon","BAYSWATER","WA","6053","32.00","0","0","0","0","0","0","-10.65","0","0","21.35"
"26 Nov 2025 2:42:02 am GMT+9","12187095163","Order","503-2138234-9805435","6T-GX3J-KT8G","Meat Tenderiser Hammer – Heavy Duty Meat Mallet for Tenderizing Steak, Chicken, Beef & More – Double-Sided Tool with Comfortable Handle for Home K","1","amazon.com.au","Amazon","ALTONA NORTH","VIC","3025","14.99","1.60","0","-1.60","0","0","-1.95","-8.40","0","0","4.64"
"26 Nov 2025 4:41:51 am GMT+9","12187095163","Order","249-7029583-0108604","CCF-CSH-PzaPel","Large Pizza Peel with Folding Handle – Durable Stainless Steel Pizza Paddle for Easy Transfer, Perfect Pizza Turning Peel for Outdoor Pizza Ovens an","1","amazon.com.au","Amazon","HOCKING","WA","6065","22.41","0","0","0","0","0","-2.91","-10.65","0","0","8.85"
"26 Nov 2025 7:02:47 am GMT+9","12187095163","Order","503-9574601-6095806","NLK-CSH-Sklt-22","12"" Cast Iron Pan – Heavy-Duty cast Iron Skillet and Deep Frying Pans (2.5"" Deep) – Pre-Seasoned Nonstick Surface for Searing, Baking, Sautéing �","1","amazon.com.au","Amazon","FLOREY","ACT","2615","40.21","0","0","0","0","0","-5.23","-11.20","0","0","23.78"
"26 Nov 2025 7:46:36 am GMT+9","12187095163","Order","249-1026903-5955851","CCF-CSH1-PzaCtr-L14","Pizza Cutter Rocker Blade 14"" - Sharp Stainless Steel Rocker Knife with Plastic Blade Sheath, Dishwasher Safe, Outdoor Pizza Oven Accessories (14 inch","1","amazon.com.au","Amazon","LILYFIELD","NSW","2040","17.99","0","0","0","0","0","-2.34","-8.40","0","0","7.25"
"26 Nov 2025 9:57:33 am GMT+9","12187095163","Order","250-2773834-7611030","NLK-CSH-DcntGlsSet-Tmn","Whiskey Decanter Set – 750ml Crystal Decanter with 4 x 300ml Whiskey Glasses, Elegant Crystal Cocktail Glasses for Scotch,Bourbon,Whisky – Stylish","1","amazon.com.au","Amazon","GREEN POINT","NSW","2251","40.49","0","0","0","0","0","-5.26","-15.74","0","0","19.49"
"26 Nov 2025 11:23:34 am GMT+9","12187095163","Order","503-6674006-4534204","CCF-CSH-RlngPin","Stainless Steel Rolling Pin for Baking – Heavy-Duty Dough Rolling pin for Pizza, Cookies & Pastry | Non-Stick, Easy to Clean, Kitchen Essential","1","amazon.com.au","Amazon","SOUTH WINDSOR","NSW","2756","15.97","0","0","0","0","0","-2.08","-8.40","0","0","5.49"
"27 Nov 2025 2:59:54 am GMT+9","12187095163","Order","503-5378978-9879846","CCF-CSH-DghScrpr2","Stainless Steel Dough Scraper with Cover – Versatile Kitchen Tool, Heavy-Duty Bench Scraper & Dough Cutter for Baking, Cooking, Pastry, and Bread Pr","1","amazon.com.au","Amazon","DODGES FERRY","TAS","7173","9.99","0","0","0","0","0","0","-6.72","0","0","3.27"
"27 Nov 2025 6:14:59 am GMT+9","12187095163","Order","249-5001049-2574236","CCF-CSH-RlngPin","Stainless Steel Rolling Pin for Baking – Heavy-Duty Dough Rolling pin for Pizza, Cookies & Pastry | Non-Stick, Easy to Clean, Kitchen Essential","1","amazon.com.au","Amazon","CHRISTCHURCH","","80","14.52","3.49","0","-3.49","2.18","-2.18","-2.17","-8.40","0","0","3.95"
"27 Nov 2025 6:28:18 am GMT+9","12187095163","Order","250-9711058-0387021","CCF-CSH2-AlShtPnBkRk-HlfTwn","Stainless Steel Baking Tray and Rack Set – 2 Half Sheet Oven Trays with 2 Cooling Racks for Oven, Durable Bakeware for Baking, Cooking, Grilling, an","1","amazon.com.au","Amazon","TOOWOOMBA","QLD","4350","50.21","0","0","0","0","0","-6.53","-14.34","0","0","29.34"
"27 Nov 2025 7:31:57 am GMT+9","12187095163","Order","503-9925292-3038203","CCF-CSH-BkRkHlf2-2pk","Cooling and Roasting Rack Set - 2 Pack Stainless Steel Cooling Racks for Cooking and Baking, 30 x 43cm Oven-Safe Baking Racks, Heavy-Duty Oven Rack fo","1","amazon.com.au","Amazon","BENTLEY PARK","QLD","4869","31.96","2.50","0","-2.50","0","0","0","-10.14","0","0","21.82"
"27 Nov 2025 7:31:57 am GMT+9","12187095163","Order","503-9925292-3038203","CCF-CSH-BkRkHlf2-2pk","Cooling and Roasting Rack Set - 2 Pack Stainless Steel Cooling Racks for Cooking and Baking, 30 x 43cm Oven-Safe Baking Racks, Heavy-Duty Oven Rack fo","1","amazon.com.au","Amazon","BENTLEY PARK","QLD","4869","31.96","2.50","0","-2.50","0","0","0","-10.14","0","0","21.82"
"27 Nov 2025 8:28:57 am GMT+9","12187095163","Order","250-2401602-7835046","CCF-CSH-PzaPel-Xl","Extra Large Pizza Peel with Folding Handle – Heavy-Duty Stainless Steel Pizza Paddle for Effortless Transfer, Perfect Pizza Turning Peel for Outdoor","1","amazon.com.au","Amazon","BUNDABERG","QLD","4670","32.00","0","0","0","0","0","-4.16","-10.65","0","0","17.19"
"27 Nov 2025 7:30:04 pm GMT+9","12196016243","Order","503-7304728-2848634","CCF-CSH1-PzaCtr-L14","Pizza Cutter Rocker Blade 14"" - Sharp Stainless Steel Rocker Knife with Plastic Blade Sheath, Dishwasher Safe, Outdoor Pizza Oven Accessories (14 inch","2","amazon.com.au","Amazon","SIPPY DOWNS","QLD","4556","35.98","0","0","0","0","0","-4.68","-16.81","0","0","14.49"
"27 Nov 2025 7:55:11 pm GMT+9","12196016243","Order","250-1753321-6085465","CCF-CSH-PzaPel","Large Pizza Peel with Folding Handle – Durable Stainless Steel Pizza Paddle for Easy Transfer, Perfect Pizza Turning Peel for Outdoor Pizza Ovens an","1","amazon.com.au","Amazon","Lithgow","NSW","2790","22.41","2.99","0","-2.99","0","0","0","-10.65","0","0","11.76"
"27 Nov 2025 9:26:33 pm GMT+9","12196016243","Order","503-3021522-1257439","N9-I4FJ-SD05","3-Tier Ceramic Cupcake Holder, Cake Stand Holder, Tiered DIY Cupcake Stand Tower for Dessert Table Displays, Birthday Theme Party Favors Decoration, F","1","amazon.com.au","Amazon","SANDHURST","VIC","3977","18.99","0.66","0","-0.66","0","0","-2.47","-11.78","0","0","4.74"
"27 Nov 2025 11:01:32 pm GMT+9","12196016243","Order","503-9161337-3076622","CCF-CSH-BkRkHlf2-2pk","Cooling and Roasting Rack Set - 2 Pack Stainless Steel Cooling Racks for Cooking and Baking, 30 x 43cm Oven-Safe Baking Racks, Heavy-Duty Oven Rack fo","1","amazon.com.au","Amazon","LARA","VIC","3212","31.96","1.80","0","-1.80","0","0","-4.15","-10.14","0","0","17.67"
"27 Nov 2025 11:24:19 pm GMT+9","12196016243","Order","249-3229937-9959062","CCF-CSH-PzaPel","Large Pizza Peel with Folding Handle – Durable Stainless Steel Pizza Paddle for Easy Transfer, Perfect Pizza Turning Peel for Outdoor Pizza Ovens an","1","amazon.com.au","Amazon","WESTON","ACT","2611","22.41","0","0","0","0","0","-2.91","-10.65","0","0","8.85"
"28 Nov 2025 4:19:20 am GMT+9","12196016243","Order","249-1664443-1548637","CCF-CSH-PrPzaCtr","Heavy Duty Pizza Cutter Rocker Blade with Cover – Premium Stainless Steel Pizza Slicer with Protective Sheath, Ergonomic Non-Slip Handle, Dishwasher","1","amazon.com.au","Amazon","BENNETT SPRINGS","WA","6063","17.99","0","0","0","0","0","-2.34","-8.40","0","0","7.25"
"28 Nov 2025 6:48:48 am GMT+9","12196016243","Order","250-9851861-9979058","CCF-CSH-DghScrpr2","Stainless Steel Dough Scraper with Cover – Versatile Kitchen Tool, Heavy-Duty Bench Scraper & Dough Cutter for Baking, Cooking, Pastry, and Bread Pr","1","amazon.com.au","Amazon","KURRABA POINT","NSW","2089","9.99","0","0","0","0","0","-1.30","-6.72","0","0","1.97"
"28 Nov 2025 7:01:04 am GMT+9","12196016243","Order","503-8236358-1344628","NLK-CSH-Sklt-22","12"" Cast Iron Pan – Heavy-Duty cast Iron Skillet and Deep Frying Pans (2.5"" Deep) – Pre-Seasoned Nonstick Surface for Searing, Baking, Sautéing �","1","amazon.com.au","Amazon","CARLTON","NSW","2218","40.21","0","0","0","0","0","-5.23","-11.20","0","0","23.78"
"28 Nov 2025 1:03:26 pm GMT+9","12196016243","Transfer","","","To account ending with: 088","","","","","","","0","0","0","0","0","0","0","0","0","-1,254.46","-1,254.46"
"28 Nov 2025 2:33:45 pm GMT+9","12196016243","Order","249-4328809-6135022","CCF-CSH-PzaPel","Large Pizza Peel with Folding Handle – Durable Stainless Steel Pizza Paddle for Easy Transfer, Perfect Pizza Turning Peel for Outdoor Pizza Ovens an","1","amazon.com.au","Amazon","Croydon North","Victoria","3136","22.41","0","0","0","0","0","-2.91","-10.65","0","0","8.85"
"29 Nov 2025 4:09:07 am GMT+9","12196016243","Order","249-8379056-1651064","N9-I4FJ-SD05","3-Tier Ceramic Cupcake Holder, Cake Stand Holder, Tiered DIY Cupcake Stand Tower for Dessert Table Displays, Birthday Theme Party Favors Decoration, F","4","amazon.com.au","Amazon","WINSTON HILLS","NSW","2153","71.96","0","0","0","0","0","-9.36","-47.12","0","0","15.48"
"29 Nov 2025 5:15:58 am GMT+9","12196016243","Order","249-1588134-5827053","CCF-CSH-DghScrpr2","Stainless Steel Dough Scraper with Cover – Versatile Kitchen Tool, Heavy-Duty Bench Scraper & Dough Cutter for Baking, Cooking, Pastry, and Bread Pr","1","amazon.com.au","Amazon","Wilston","Brisbane","4051","9.99","0","0","0","0","0","-1.30","-6.72","0","0","1.97"
"29 Nov 2025 12:53:21 pm GMT+9","12196016243","Order","503-8056051-8892611","CCF-CSH2-AlShtPnBkRk-HlfTwn","Stainless Steel Baking Tray and Rack Set – 2 Half Sheet Oven Trays with 2 Cooling Racks for Oven, Durable Bakeware for Baking, Cooking, Grilling, an","1","amazon.com.au","Amazon","CASTLE HILL","NSW","2154","50.21","0","0","0","0","0","-6.53","-14.34","0","0","29.34"
"29 Nov 2025 9:02:55 pm GMT+9","12196016243","Order","249-2099373-6891826","NLK-CSH-DcntGlsSet-Tmn","Whiskey Decanter Set – 750ml Crystal Decanter with 4 x 300ml Whiskey Glasses, Elegant Crystal Cocktail Glasses for Scotch,Bourbon,Whisky – Stylish","1","amazon.com.au","Amazon","KELLYVILLE RIDGE","NSW","2155","40.49","1.60","0","-1.60","0","0","-5.26","-15.74","0","0","19.49"
"30 Nov 2025 3:43:46 am GMT+9","12196016243","Order","250-3758271-6189423","CCF-CSH1-PzaCtr-L14","Pizza Cutter Rocker Blade 14"" - Sharp Stainless Steel Rocker Knife with Plastic Blade Sheath, Dishwasher Safe, Outdoor Pizza Oven Accessories (14 inch","1","amazon.com.au","Amazon","CONSTITUTION HILL","NSW","2145","17.99","0","0","0","0","0","-2.34","-8.40","0","0","7.25"
"30 Nov 2025 7:05:13 am GMT+9","12196016243","Order","249-1775106-2600644","CCF-CSH-PzaPel","Large Pizza Peel with Folding Handle – Durable Stainless Steel Pizza Paddle for Easy Transfer, Perfect Pizza Turning Peel for Outdoor Pizza Ovens an","1","amazon.com.au","Amazon","BRUNSWICK","VIC","3056","22.41","0","0","0","0","0","-2.91","-10.65","0","0","8.85"
"30 Nov 2025 11:21:26 am GMT+9","12196016243","Order","250-4436461-5164652","CCF-CSH-SlUtensl5pcs","5-Piece Silicone Kitchen Utensil Set – Premium BPA-Free Cooking Tools & Gadgets for Nonstick Cookware – Dishwasher Safe & Durable","1","amazon.com.au","Amazon","BUNYA","QLD","4055","19.99","0","0","0","0","0","-2.60","-10.65","0","0","6.74"
"30 Nov 2025 4:11:13 pm GMT+9","12196016243","Order","250-8534862-0957451","NLK-CSH-DcntGlsSet-Tmn","Whiskey Decanter Set – 750ml Crystal Decanter with 4 x 300ml Whiskey Glasses, Elegant Crystal Cocktail Glasses for Scotch,Bourbon,Whisky – Stylish","1","amazon.com.au","Amazon","WYNNUM","QLD","4178","40.49","0","0","0","0","0","-5.26","-15.74","0","0","19.49"
"30 Nov 2025 5:44:44 pm GMT+9","12196016243","Refund","250-6622355-0204667","CCF-CSH-PzaPel-Xl","Extra Large Pizza Peel with Folding Handle – Heavy-Duty Stainless Steel Pizza Paddle for Effortless Transfer, Perfect Pizza Turning Peel for Outdoor","1","amazon.com.au","Amazon","BRIAR HILL","VIC","3088","-32.00","0","0","0","0","0","1.67","0","0","0","-30.33"
"30 Nov 2025 9:35:03 pm GMT+9","12196016243","Order","503-0933878-6504613","CCF-CSH-PltcCtngBrd","Plastic Cutting Board – Reversible Chopping Board with Juice Groove, Flexible Cutting Mat Style, Dishwasher Safe, White/Black","1","amazon.com.au","Amazon","FERNTREE GULLY","VIC","3156","19.69","0","0","-19.69","0","0","0","-10.14","0","0","-10.14"
